{"stats":{"minecraft:picked_up":{"minecraft:stick":13,"minecraft:porkchop":5,"minecraft:oak_log":82,"skilltree:gem":1,"minecraft:rotten_flesh":2,"minecraft:apple":6,"minecraft:wheat_seeds":1,"minecraft:rose_bush":1,"minecraft:bread":1250,"minecraft:oak_sapling":24,"minecraft:black_wool":2,"minecraft:mutton":5,"minecraft:oak_planks":7,"minecraft:white_wool":2,"minecraft:cobblestone":7},"minecraft:mined":{"minecraft:grass":6,"minecraft:oak_log":85,"minecraft:rose_bush":2,"minecraft:tall_grass":3,"minecraft:stone":6,"minecraft:oak_leaves":4},"minecraft:custom":{"minecraft:time_since_rest":18506,"minecraft:sprint_one_cm":80570,"minecraft:damage_taken":295,"minecraft:walk_one_cm":31674,"minecraft:mob_kills":8,"minecraft:drop":6,"minecraft:damage_dealt":945,"minecraft:interact_with_crafting_table":13,"minecraft:swim_one_cm":6093,"minecraft:fly_one_cm":65314,"minecraft:crouch_one_cm":914,"minecraft:play_time":18506,"minecraft:sneak_time":769,"minecraft:walk_under_water_one_cm":803,"minecraft:jump":325,"minecraft:leave_game":1,"minecraft:time_since_death":18506,"minecraft:walk_on_water_one_cm":1818,"minecraft:total_world_time":18506,"minecraft:fall_one_cm":9157},"minecraft:crafted":{"minecraft:wooden_sword":1,"minecraft:oak_planks":324,"minecraft:crafting_table":2,"minecraft:wooden_pickaxe":1,"minecraft:stone_pickaxe":1,"minecraft:wooden_axe":2,"minecraft:chest":1,"minecraft:stone_sword":1},"minecraft:dropped":{"minecraft:rotten_flesh":2,"minecraft:oak_planks":4},"minecraft:broken":{"minecraft:wooden_axe":1},"minecraft:killed":{"minecraft:sheep":3,"minecraft:pig":3},"minecraft:used":{"minecraft:oak_log":1,"minecraft:wooden_axe":92,"minecraft:apple":6,"minecraft:bread":2,"minecraft:oak_planks":3,"minecraft:chest":1,"minecraft:wooden_pickaxe":6,"minecraft:wooden_sword":29,"minecraft:mutton":3,"minecraft:crafting_table":2}},"DataVersion":3465}