{"stats":{"minecraft:dropped":{"minecraft:enchanted_book":2,"minecraft:iron_ingot":22,"minecraft:wheat_seeds":4,"minecraft:lapis_lazuli":26,"minecraft:diamond":18,"minecraft:leather":2,"create:crimsite":4,"minecraft:saddle":1,"samurai_dynasty:ruby":7,"minecraft:stick":11,"minecraft:oxeye_daisy":2,"minecraft:dirt":7,"minecraft:torch":3,"skilltree:gem":15,"samurai_dynasty:diamond_samurai_helmet_master":1,"samurai_dynasty:kimono":2,"minecraft:white_wool":4,"minecraft:redstone":21,"minecraft:bone":21,"minecraft:kelp":8,"minecraft:sugar_cane":6,"minecraft:wheat":3,"minecraft:raw_iron":36,"minecraft:white_carpet":12,"minecraft:rotten_flesh":15,"minecraft:oak_planks":4,"minecraft:name_tag":2,"samurai_dynasty:katana":2,"minecraft:yellow_bed":1,"create:limestone":61,"minecraft:oak_sapling":90,"minecraft:raw_gold":20},"minecraft:custom":{"minecraft:mob_kills":40,"minecraft:interact_with_crafting_table":50,"minecraft:bell_ring":64,"minecraft:leave_game":2,"minecraft:time_since_death":87828,"minecraft:sprint_one_cm":583521,"minecraft:walk_one_cm":363845,"minecraft:drop":307,"minecraft:damage_dealt_absorbed":43,"minecraft:talked_to_villager":29,"minecraft:play_time":235458,"minecraft:deaths":4,"minecraft:sneak_time":8453,"minecraft:walk_under_water_one_cm":4702,"minecraft:boat_one_cm":209155,"minecraft:interact_with_brewingstand":1,"minecraft:jump":4371,"minecraft:interact_with_blast_furnace":24,"minecraft:walk_on_water_one_cm":26512,"minecraft:total_world_time":235458,"minecraft:interact_with_furnace":25,"minecraft:traded_with_villager":9,"minecraft:sleep_in_bed":2,"minecraft:time_since_rest":87867,"minecraft:damage_taken":4733,"minecraft:damage_dealt":8736,"minecraft:swim_one_cm":10632,"minecraft:fly_one_cm":801140,"minecraft:player_kills":1,"minecraft:open_chest":99,"minecraft:crouch_one_cm":15039,"minecraft:fall_one_cm":136105},"minecraft:mined":{"create:deepslate_zinc_ore":30,"minecraft:tuff":7,"minecraft:white_bed":1,"samurai_dynasty:komainu_statue":1,"minecraft:mossy_cobblestone":2,"minecraft:deepslate_diamond_ore":23,"minecraft:sculk_vein":1,"minecraft:granite":29,"minecraft:grass_block":1,"minecraft:oxeye_daisy":2,"minecraft:hay_block":22,"minecraft:redstone_ore":1,"minecraft:furnace":3,"minecraft:raw_gold_block":3,"minecraft:iron_ore":37,"minecraft:andesite":33,"samurai_dynasty:tanuki_statue":1,"minecraft:deepslate_lapis_ore":4,"minecraft:azure_bluet":2,"minecraft:cobblestone_slab":2,"minecraft:deepslate_iron_ore":4,"minecraft:rail":4,"minecraft:stone":97,"create:limestone":61,"minecraft:deepslate_redstone_ore":1,"minecraft:crafting_table":1,"minecraft:calcite":24,"minecraft:chest":2,"minecraft:rose_bush":2,"minecraft:tall_grass":6,"minecraft:cobblestone":7,"minecraft:deepslate_gold_ore":14,"minecraft:sugar_cane":2,"minecraft:oak_planks":13,"minecraft:sculk":21,"minecraft:diorite":21,"minecraft:wall_torch":1,"minecraft:pink_petals":1,"samurai_dynasty:deepslate_jade_ore":6,"minecraft:white_carpet":4,"minecraft:yellow_bed":2,"minecraft:grass":27,"minecraft:oak_log":303,"minecraft:gravel":25,"minecraft:dirt":13,"minecraft:gold_ore":4,"create:crimsite":2,"minecraft:oak_leaves":12,"minecraft:deepslate":78},"minecraft:crafted":{"minecraft:wooden_sword":1,"minecraft:oak_planks":1136,"samurai_dynasty:katana":1,"minecraft:furnace":1,"minecraft:stone":1,"samurai_dynasty:diamond_samurai_chestplate_master":1,"samurai_dynasty:diamond_samurai_helmet_master":1,"minecraft:iron_axe":1,"minecraft:stone_pickaxe":1,"minecraft:chest":5,"samurai_dynasty:diamond_samurai_boots_master":1,"samurai_dynasty:ninja_leggings":1,"minecraft:wheat":198,"sophisticatedbackpacks:backpack":1,"minecraft:emerald":9,"samurai_dynasty:steel_ingot":14,"minecraft:crafting_table":7,"minecraft:wooden_pickaxe":1,"samurai_dynasty:gold_ninja_boots":1,"minecraft:air":0,"samurai_dynasty:katana_handle":1,"minecraft:oak_boat":1,"minecraft:gold_nugget":9,"minecraft:stick":8,"minecraft:iron_pickaxe":1,"minecraft:iron_ingot":11,"minecraft:wooden_axe":2,"minecraft:stone_sword":1,"samurai_dynasty:diamond_samurai_leggings_master":1,"samurai_dynasty:kimono":1},"minecraft:used":{"minecraft:stone_sword":55,"minecraft:chest":5,"minecraft:dirt":2,"minecraft:mutton":3,"samurai_dynasty:katana":96,"minecraft:granite":1,"minecraft:wooden_axe":105,"minecraft:iron_axe":266,"minecraft:iron_helmet":5,"minecraft:furnace":2,"minecraft:calcite":12,"minecraft:water_bucket":20,"minecraft:diorite":6,"samurai_dynasty:diamond_samurai_helmet_master":2,"minecraft:oak_planks":303,"minecraft:wooden_pickaxe":6,"minecraft:mossy_cobblestone":2,"minecraft:rail":4,"minecraft:crafting_table":7,"minecraft:white_bed":1,"minecraft:oak_log":9,"minecraft:apple":21,"minecraft:bread":82,"minecraft:iron_pickaxe":554,"minecraft:stone_axe":5,"minecraft:wooden_sword":30,"minecraft:bucket":21,"minecraft:yellow_bed":2,"minecraft:oak_boat":2,"minecraft:chest_minecart":2},"minecraft:killed":{"minecraft:spider":2,"minecraft:horse":5,"minecraft:skeleton":2,"minecraft:drowned":1,"minecraft:pig":4,"minecraft:iron_golem":2,"minecraft:sheep":4,"minecraft:zombie":11,"minecraft:cow":6},"minecraft:broken":{"minecraft:wooden_axe":1},"minecraft:killed_by":{"minecraft:player":2},"minecraft:picked_up":{"minecraft:wooden_axe":2,"minecraft:crafting_table":4,"minecraft:chest_minecart":2,"minecraft:wooden_pickaxe":2,"minecraft:shield":1,"samurai_dynasty:kimono":1,"minecraft:string":1,"create:limestone":61,"minecraft:iron_axe":1,"minecraft:wooden_sword":2,"minecraft:white_carpet":16,"minecraft:gold_nugget":6,"minecraft:cobbled_deepslate":87,"minecraft:bucket":2,"minecraft:beef":10,"minecraft:oak_boat":1,"minecraft:rose_bush":3,"minecraft:cobblestone_slab":2,"minecraft:calcite":24,"minecraft:iron_pickaxe":6,"minecraft:sugar_cane":7,"minecraft:chest":9,"minecraft:iron_boots":2,"minecraft:furnace":2,"minecraft:raw_iron":43,"minecraft:stick":50,"samurai_dynasty:katana":3,"minecraft:raw_gold_block":2,"minecraft:torch":8,"minecraft:porkchop":15,"minecraft:diorite":21,"minecraft:redstone":8,"minecraft:stone_sword":4,"minecraft:arrow":3,"minecraft:rotten_flesh":27,"minecraft:beetroot_seeds":4,"minecraft:hay_block":22,"minecraft:saddle":1,"minecraft:gold_ingot":4,"minecraft:mutton":11,"minecraft:white_wool":15,"minecraft:rail":16,"minecraft:cobblestone":137,"minecraft:oxeye_daisy":5,"minecraft:glow_ink_sac":4,"minecraft:water_bucket":3,"minecraft:andesite":33,"minecraft:leather":10,"samurai_dynasty:jade":6,"minecraft:tuff":7,"create:raw_zinc":77,"minecraft:oak_log":501,"minecraft:yellow_bed":2,"minecraft:lapis_lazuli":26,"skilltree:gem":25,"minecraft:dirt":43,"minecraft:name_tag":2,"minecraft:bone":23,"minecraft:apple":48,"minecraft:kelp":6,"samurai_dynasty:cloth":42,"minecraft:wheat_seeds":10,"minecraft:raw_gold":40,"minecraft:stone_pickaxe":1,"minecraft:iron_ingot":16,"samurai_dynasty:diamond_samurai_helmet_master":2,"minecraft:oak_planks":1211,"minecraft:dandelion":1,"minecraft:gravel":57,"minecraft:white_bed":1,"minecraft:spider_eye":1,"minecraft:mossy_cobblestone":2,"create:crimsite":4,"minecraft:diamond":35,"minecraft:stone_axe":2,"minecraft:iron_helmet":5,"minecraft:granite":28,"minecraft:bread":6176,"minecraft:oak_sapling":116,"minecraft:black_wool":6}},"DataVersion":3465}