{"stats":{"minecraft:killed":{"minecraft:spider":6,"samurai_dynasty:komainu":2,"minecraft:horse":5,"minecraft:skeleton":7,"minecraft:drowned":1,"minecraft:pig":4,"minecraft:iron_golem":3,"minecraft:bat":1,"minecraft:sheep":8,"minecraft:zombie":34,"samurai_dynasty:kawauso":1,"minecraft:enderman":1,"minecraft:cow":12},"minecraft:crafted":{"minecraft:wooden_sword":1,"minecraft:oak_planks":6548,"samurai_dynasty:katana":1,"minecraft:furnace":1,"minecraft:stone":1,"minecraft:bone_meal":54,"minecraft:bookshelf":13,"samurai_dynasty:diamond_samurai_chestplate_master":1,"minecraft:oak_trapdoor":14,"samurai_dynasty:diamond_samurai_helmet_master":1,"minecraft:iron_axe":4,"minecraft:stone_pickaxe":1,"minecraft:chest":5,"samurai_dynasty:diamond_samurai_boots_master":1,"samurai_dynasty:ninja_leggings":1,"minecraft:wheat":198,"minecraft:golden_axe":9,"minecraft:red_dye":1,"minecraft:oak_slab":48,"minecraft:emerald":393,"sophisticatedbackpacks:backpack":2,"samurai_dynasty:steel_ingot":14,"minecraft:crafting_table":7,"minecraft:wooden_pickaxe":1,"samurai_dynasty:gold_ninja_boots":1,"skilltree:scholar_necklace":1,"minecraft:enchanted_book":14,"minecraft:air":0,"samurai_dynasty:katana_handle":1,"minecraft:oak_boat":1,"minecraft:lectern":8,"minecraft:book":8,"minecraft:paper":24,"minecraft:diamond_pickaxe":1,"minecraft:gold_nugget":18,"minecraft:stick":12158,"minecraft:iron_ingot":48,"minecraft:iron_pickaxe":1,"minecraft:wooden_axe":2,"minecraft:stone_sword":1,"samurai_dynasty:diamond_samurai_leggings_master":1,"minecraft:gold_ingot":42,"minecraft:white_bed":2,"samurai_dynasty:kimono":1},"minecraft:killed_by":{"minecraft:player":2},"minecraft:mined":{"create:deepslate_zinc_ore":30,"minecraft:tuff":7,"minecraft:white_bed":1,"samurai_dynasty:komainu_statue":2,"minecraft:mossy_cobblestone":2,"minecraft:deepslate_diamond_ore":23,"minecraft:sculk_vein":3,"minecraft:brewing_stand":1,"minecraft:granite":38,"minecraft:grass_block":267,"minecraft:oxeye_daisy":2,"minecraft:hay_block":22,"minecraft:redstone_ore":1,"minecraft:carrots":8,"minecraft:furnace":3,"minecraft:raw_gold_block":3,"minecraft:iron_ore":37,"minecraft:andesite":37,"samurai_dynasty:tanuki_statue":1,"minecraft:deepslate_lapis_ore":4,"minecraft:azure_bluet":2,"minecraft:bookshelf":5,"minecraft:potatoes":18,"minecraft:cobblestone_slab":2,"minecraft:deepslate_iron_ore":9,"minecraft:rail":4,"minecraft:stone":287,"create:limestone":61,"minecraft:deepslate_redstone_ore":2,"minecraft:oak_slab":1,"minecraft:crafting_table":1,"minecraft:torch":1,"minecraft:poppy":1,"minecraft:calcite":25,"minecraft:chest":2,"minecraft:rose_bush":2,"minecraft:lectern":26,"minecraft:tall_grass":6,"minecraft:cobblestone":9,"minecraft:deepslate_gold_ore":22,"minecraft:grindstone":1,"minecraft:oak_planks":28,"minecraft:sugar_cane":15,"minecraft:sculk":21,"minecraft:diorite":32,"minecraft:wall_torch":1,"minecraft:deepslate_copper_ore":2,"minecraft:pink_petals":1,"minecraft:birch_planks":1,"minecraft:wheat":28,"samurai_dynasty:deepslate_jade_ore":6,"minecraft:lilac":1,"minecraft:white_carpet":4,"minecraft:yellow_bed":3,"minecraft:grass":36,"minecraft:oak_log":1320,"minecraft:beetroots":11,"minecraft:gravel":25,"minecraft:dirt":395,"minecraft:gold_ore":4,"create:crimsite":2,"minecraft:oak_leaves":44,"minecraft:deepslate":151},"minecraft:custom":{"minecraft:interact_with_anvil":10,"minecraft:mob_kills":89,"minecraft:animals_bred":11,"minecraft:interact_with_crafting_table":98,"minecraft:bell_ring":65,"minecraft:leave_game":6,"minecraft:time_since_death":450533,"minecraft:sprint_one_cm":1563301,"minecraft:walk_one_cm":1081985,"minecraft:drop":640,"minecraft:damage_dealt_absorbed":43,"minecraft:talked_to_villager":362,"minecraft:play_time":598163,"minecraft:sneak_time":17689,"minecraft:deaths":4,"minecraft:walk_under_water_one_cm":9761,"minecraft:boat_one_cm":209155,"minecraft:interact_with_brewingstand":1,"minecraft:jump":10021,"minecraft:interact_with_blast_furnace":45,"minecraft:walk_on_water_one_cm":40741,"minecraft:total_world_time":598163,"minecraft:interact_with_furnace":52,"minecraft:traded_with_villager":418,"minecraft:sleep_in_bed":16,"minecraft:waystone_activated":1,"minecraft:time_since_rest":79754,"minecraft:damage_taken":9176,"minecraft:damage_dealt":19051,"minecraft:player_kills":1,"minecraft:swim_one_cm":15454,"minecraft:fly_one_cm":2014182,"minecraft:open_chest":216,"minecraft:crouch_one_cm":37172,"minecraft:fall_one_cm":309550},"minecraft:used":{"minecraft:oak_trapdoor":12,"minecraft:stone_sword":55,"minecraft:chest":5,"minecraft:torch":1,"samurai_dynasty:komainu_statue":3,"minecraft:dirt":133,"minecraft:mutton":3,"minecraft:wheat":1,"samurai_dynasty:katana":290,"minecraft:carrot":13,"minecraft:granite":1,"minecraft:wooden_axe":105,"minecraft:bookshelf":5,"minecraft:iron_axe":1126,"minecraft:iron_helmet":5,"minecraft:furnace":2,"minecraft:egg":2,"minecraft:potato":17,"minecraft:golden_axe":329,"minecraft:calcite":12,"minecraft:water_bucket":57,"minecraft:diorite":6,"minecraft:birch_planks":1,"samurai_dynasty:diamond_samurai_helmet_master":2,"minecraft:oak_planks":671,"minecraft:wooden_pickaxe":6,"minecraft:sugar_cane":6,"minecraft:mossy_cobblestone":2,"minecraft:rail":4,"minecraft:oak_slab":8,"minecraft:crafting_table":7,"minecraft:white_bed":3,"minecraft:oak_log":9,"minecraft:diamond_pickaxe":939,"minecraft:apple":21,"minecraft:bread":210,"minecraft:iron_pickaxe":554,"minecraft:lectern":32,"minecraft:gravel":2,"minecraft:stone_axe":21,"minecraft:wooden_sword":30,"minecraft:grindstone":1,"minecraft:andesite":1,"minecraft:bucket":58,"minecraft:yellow_bed":2,"minecraft:oak_boat":2,"minecraft:chest_minecart":2,"minecraft:bone_meal":21},"minecraft:picked_up":{"minecraft:wooden_axe":2,"minecraft:crafting_table":4,"minecraft:wheat":44,"minecraft:chest_minecart":2,"minecraft:wooden_pickaxe":2,"minecraft:enchanted_book":1,"minecraft:brewing_stand":1,"minecraft:shield":1,"samurai_dynasty:kimono":1,"skilltree:iron_ring":1,"minecraft:string":9,"minecraft:raw_copper":28,"samurai_dynasty:komainu_statue":1,"create:limestone":61,"minecraft:iron_axe":1,"minecraft:wooden_sword":2,"minecraft:white_carpet":16,"minecraft:beetroot":11,"create:sand_paper":4,"skilltree:golden_ring":1,"minecraft:gold_nugget":6,"minecraft:cobbled_deepslate":162,"minecraft:bucket":2,"minecraft:beef":19,"minecraft:oak_boat":1,"minecraft:rose_bush":3,"minecraft:cobblestone_slab":2,"minecraft:calcite":25,"minecraft:iron_pickaxe":6,"minecraft:poppy":5,"minecraft:lectern":25,"minecraft:sugar_cane":30,"minecraft:chest":9,"minecraft:furnace":2,"minecraft:iron_boots":2,"minecraft:egg":4,"minecraft:raw_iron":50,"minecraft:stick":249,"samurai_dynasty:katana":3,"minecraft:raw_gold_block":2,"minecraft:oak_fence":13,"minecraft:torch":13,"sophisticatedbackpacks:backpack":1,"minecraft:porkchop":15,"minecraft:diorite":21,"minecraft:carrot":16,"minecraft:redstone":8,"minecraft:stone_sword":4,"minecraft:arrow":6,"minecraft:rotten_flesh":72,"minecraft:beetroot_seeds":30,"minecraft:hay_block":22,"minecraft:saddle":2,"minecraft:gold_ingot":8,"minecraft:mutton":17,"minecraft:rail":16,"minecraft:white_wool":19,"minecraft:cobblestone":204,"minecraft:oxeye_daisy":5,"minecraft:pink_petals":8,"minecraft:lilac":1,"minecraft:glow_ink_sac":4,"samurai_dynasty:ruby":18,"minecraft:water_bucket":3,"minecraft:andesite":37,"minecraft:leather":18,"samurai_dynasty:jade":6,"minecraft:potato":34,"minecraft:birch_planks":1,"minecraft:tuff":7,"create:raw_zinc":77,"minecraft:oak_log":1550,"minecraft:yellow_bed":2,"skilltree:gem":27,"minecraft:lapis_lazuli":26,"minecraft:dirt":621,"minecraft:name_tag":2,"minecraft:bone":30,"minecraft:apple":67,"minecraft:kelp":6,"samurai_dynasty:cloth":44,"minecraft:wheat_seeds":92,"minecraft:raw_gold":63,"minecraft:grindstone":1,"minecraft:iron_ingot":19,"minecraft:stone_pickaxe":1,"samurai_dynasty:diamond_samurai_helmet_master":2,"minecraft:oak_planks":1741,"minecraft:book":16,"minecraft:oak_slab":2,"minecraft:dandelion":1,"minecraft:poisonous_potato":1,"minecraft:gravel":112,"minecraft:white_bed":1,"minecraft:spider_eye":2,"minecraft:mossy_cobblestone":3,"create:crimsite":4,"minecraft:diamond":35,"minecraft:stone_axe":2,"samurai_dynasty:straw_hat":1,"minecraft:iron_helmet":5,"minecraft:granite":37,"minecraft:grass":20,"create:rose_quartz":22,"minecraft:gray_wool":1,"minecraft:emerald":60,"minecraft:bread":6212,"minecraft:oak_sapling":343,"minecraft:black_wool":7,"minecraft:ender_pearl":2},"minecraft:broken":{"minecraft:golden_axe":9,"minecraft:iron_axe":3,"minecraft:wooden_axe":1},"minecraft:dropped":{"minecraft:enchanted_book":2,"minecraft:iron_ingot":53,"minecraft:bread":156,"create:rose_quartz":39,"minecraft:wheat_seeds":9,"minecraft:lapis_lazuli":26,"minecraft:lilac":1,"minecraft:mossy_cobblestone":1,"minecraft:diamond":18,"minecraft:book":1,"minecraft:leather":4,"create:crimsite":4,"minecraft:saddle":2,"samurai_dynasty:ruby":7,"minecraft:emerald":74,"minecraft:stick":75,"minecraft:oxeye_daisy":2,"minecraft:dirt":22,"minecraft:torch":7,"skilltree:gem":15,"samurai_dynasty:diamond_samurai_helmet_master":1,"samurai_dynasty:kimono":2,"minecraft:string":1,"minecraft:pink_petals":4,"minecraft:white_wool":4,"create:sand_paper":4,"minecraft:redstone":21,"minecraft:bone":21,"minecraft:gold_ingot":4,"minecraft:gravel":53,"minecraft:kelp":8,"minecraft:sugar_cane":6,"minecraft:raw_copper":28,"minecraft:wheat":3,"minecraft:raw_iron":37,"minecraft:white_carpet":12,"minecraft:rotten_flesh":23,"minecraft:oak_planks":4,"sophisticatedbackpacks:backpack":1,"minecraft:name_tag":2,"samurai_dynasty:katana":2,"minecraft:poppy":2,"minecraft:beetroot_seeds":4,"minecraft:yellow_bed":1,"minecraft:oak_sapling":390,"create:limestone":61,"minecraft:spider_eye":1,"minecraft:raw_gold":20,"minecraft:lectern":1,"minecraft:egg":2,"create:golden_sheet":2}},"DataVersion":3465}