{"stats":{"minecraft:killed":{"minecraft:spider":6,"samurai_dynasty:komainu":2,"minecraft:skeleton":7,"minecraft:pig":4,"minecraft:iron_golem":4,"minecraft:sheep":8,"samurai_dynasty:kawauso":1,"minecraft:zombie":35,"minecraft:cow":12,"minecraft:horse":5,"minecraft:drowned":1,"minecraft:bat":1,"minecraft:enderman":1},"minecraft:crafted":{"minecraft:oak_planks":6548,"minecraft:cobblestone_slab":6,"minecraft:oak_sign":6,"samurai_dynasty:katana":1,"minecraft:stone":1,"minecraft:bookshelf":13,"samurai_dynasty:diamond_samurai_chestplate_master":1,"minecraft:hopper":1,"minecraft:chest":7,"samurai_dynasty:diamond_samurai_boots_master":1,"samurai_dynasty:ninja_leggings":1,"minecraft:golden_axe":9,"minecraft:oak_slab":48,"sophisticatedbackpacks:backpack":2,"minecraft:emerald":393,"samurai_dynasty:steel_ingot":14,"minecraft:crafting_table":8,"minecraft:wooden_pickaxe":1,"skilltree:scholar_necklace":1,"samurai_dynasty:katana_handle":1,"minecraft:lectern":8,"minecraft:book":8,"minecraft:paper":24,"minecraft:diamond_pickaxe":1,"minecraft:stick":12162,"minecraft:iron_ingot":48,"minecraft:iron_pickaxe":1,"minecraft:stone_sword":1,"samurai_dynasty:diamond_samurai_leggings_master":1,"minecraft:gold_ingot":42,"minecraft:shears":1,"samurai_dynasty:kimono":1,"minecraft:wooden_sword":1,"minecraft:furnace":1,"minecraft:bone_meal":54,"minecraft:oak_trapdoor":18,"samurai_dynasty:diamond_samurai_helmet_master":1,"minecraft:iron_axe":4,"minecraft:iron_hoe":1,"minecraft:stone_pickaxe":1,"minecraft:wheat":198,"minecraft:red_dye":1,"samurai_dynasty:gold_ninja_boots":1,"minecraft:enchanted_book":14,"minecraft:air":0,"minecraft:oak_fence_gate":1,"minecraft:oak_boat":2,"minecraft:gold_nugget":18,"minecraft:wooden_axe":2,"minecraft:white_bed":8,"minecraft:torch":20},"minecraft:killed_by":{"minecraft:player":2},"minecraft:mined":{"create:deepslate_zinc_ore":30,"minecraft:white_bed":2,"minecraft:farmland":1,"samurai_dynasty:komainu_statue":2,"minecraft:sculk_vein":3,"minecraft:brewing_stand":1,"minecraft:granite":38,"minecraft:grass_block":280,"minecraft:oak_pressure_plate":1,"minecraft:oxeye_daisy":2,"minecraft:iron_ore":45,"minecraft:deepslate_lapis_ore":4,"minecraft:azure_bluet":2,"minecraft:oak_sign":1,"create:limestone":61,"minecraft:deepslate_redstone_ore":2,"minecraft:torch":2,"minecraft:calcite":25,"minecraft:poppy":1,"minecraft:chest":2,"minecraft:cobblestone":10,"minecraft:grindstone":1,"minecraft:sugar_cane":15,"minecraft:oak_planks":34,"minecraft:wall_torch":2,"minecraft:deepslate_copper_ore":2,"minecraft:pink_petals":1,"minecraft:wheat":28,"samurai_dynasty:deepslate_jade_ore":6,"minecraft:lilac":1,"minecraft:grass":36,"minecraft:oak_log":1320,"minecraft:beetroots":11,"minecraft:dirt":420,"create:crimsite":2,"minecraft:oak_leaves":44,"minecraft:deepslate":151,"minecraft:tuff":7,"minecraft:mossy_cobblestone":2,"minecraft:deepslate_diamond_ore":23,"minecraft:hay_block":22,"minecraft:redstone_ore":1,"minecraft:oak_trapdoor":1,"minecraft:furnace":3,"minecraft:carrots":8,"minecraft:raw_gold_block":3,"minecraft:andesite":37,"samurai_dynasty:tanuki_statue":1,"minecraft:bookshelf":5,"minecraft:potatoes":18,"minecraft:deepslate_iron_ore":9,"minecraft:cobblestone_slab":2,"minecraft:rail":4,"minecraft:stone":340,"minecraft:oak_slab":1,"minecraft:crafting_table":1,"minecraft:rose_bush":2,"minecraft:lectern":26,"minecraft:tall_grass":6,"minecraft:deepslate_gold_ore":22,"minecraft:sculk":21,"minecraft:diorite":32,"minecraft:birch_planks":1,"globalxp:xp_block":1,"minecraft:white_carpet":4,"minecraft:yellow_bed":3,"minecraft:coal_ore":1,"minecraft:gravel":25,"minecraft:gold_ore":4},"minecraft:custom":{"minecraft:animals_bred":11,"minecraft:interact_with_crafting_table":109,"minecraft:bell_ring":65,"minecraft:leave_game":9,"minecraft:time_since_death":499042,"minecraft:sprint_one_cm":1631279,"minecraft:drop":642,"minecraft:talked_to_villager":362,"minecraft:play_time":646672,"minecraft:deaths":4,"minecraft:jump":10484,"minecraft:interact_with_brewingstand":1,"minecraft:walk_on_water_one_cm":58070,"minecraft:interact_with_furnace":52,"minecraft:traded_with_villager":418,"minecraft:sleep_in_bed":19,"minecraft:waystone_activated":1,"minecraft:damage_dealt":20734,"minecraft:player_kills":1,"minecraft:crouch_one_cm":42768,"minecraft:mob_kills":93,"minecraft:interact_with_anvil":10,"minecraft:walk_one_cm":1148881,"minecraft:damage_dealt_absorbed":43,"minecraft:sneak_time":19705,"minecraft:walk_under_water_one_cm":11528,"minecraft:boat_one_cm":209155,"minecraft:interact_with_blast_furnace":48,"minecraft:total_world_time":646672,"minecraft:time_since_rest":2111,"minecraft:damage_taken":9847,"minecraft:swim_one_cm":16084,"minecraft:fly_one_cm":2109740,"minecraft:open_chest":225,"minecraft:fall_one_cm":324845},"minecraft:used":{"minecraft:oak_sign":5,"minecraft:chest":6,"minecraft:mutton":3,"samurai_dynasty:katana":313,"minecraft:carrot":13,"minecraft:iron_helmet":5,"minecraft:furnace":2,"minecraft:egg":2,"minecraft:potato":17,"minecraft:diorite":6,"minecraft:oak_planks":681,"minecraft:wooden_pickaxe":6,"minecraft:sugar_cane":6,"minecraft:bread":223,"minecraft:lectern":32,"minecraft:oak_pressure_plate":1,"minecraft:gravel":2,"minecraft:wooden_sword":30,"globalxp:xp_block":1,"minecraft:grindstone":1,"minecraft:andesite":1,"minecraft:chest_minecart":2,"minecraft:oak_boat":4,"minecraft:bone_meal":21,"minecraft:oak_trapdoor":14,"minecraft:stone_sword":55,"samurai_dynasty:komainu_statue":3,"minecraft:torch":30,"minecraft:dirt":351,"minecraft:wheat":1,"minecraft:hopper":1,"minecraft:granite":1,"minecraft:oak_fence_gate":1,"minecraft:iron_hoe":13,"minecraft:wooden_axe":105,"minecraft:bookshelf":5,"minecraft:iron_axe":1126,"minecraft:golden_axe":329,"minecraft:calcite":12,"minecraft:water_bucket":75,"minecraft:birch_planks":1,"samurai_dynasty:diamond_samurai_helmet_master":2,"minecraft:cobblestone_slab":3,"minecraft:mossy_cobblestone":2,"minecraft:rail":4,"minecraft:oak_slab":8,"minecraft:crafting_table":8,"minecraft:white_bed":11,"minecraft:oak_log":9,"minecraft:diamond_pickaxe":1008,"minecraft:apple":21,"minecraft:iron_pickaxe":554,"minecraft:stone_axe":21,"minecraft:cobblestone":12,"minecraft:bucket":75,"minecraft:yellow_bed":2},"minecraft:picked_up":{"minecraft:wooden_axe":2,"minecraft:wheat":44,"minecraft:enchanted_book":4,"minecraft:brewing_stand":1,"samurai_dynasty:kimono":2,"skilltree:iron_ring":2,"minecraft:string":9,"minecraft:raw_copper":28,"create:limestone":61,"minecraft:beetroot":11,"minecraft:oak_sign":3,"create:sand_paper":4,"minecraft:cobbled_deepslate":162,"minecraft:gold_nugget":6,"minecraft:bucket":2,"minecraft:rose_bush":3,"minecraft:cobblestone_slab":6,"minecraft:calcite":25,"minecraft:iron_pickaxe":6,"minecraft:furnace":2,"minecraft:iron_boots":3,"minecraft:stick":333,"samurai_dynasty:katana":4,"minecraft:oak_fence":13,"minecraft:torch":26,"minecraft:porkchop":15,"minecraft:diorite":21,"minecraft:stone_sword":4,"minecraft:rotten_flesh":85,"minecraft:cobblestone":438,"minecraft:pink_petals":8,"minecraft:lilac":1,"minecraft:water_bucket":4,"minecraft:andesite":37,"minecraft:potato":34,"minecraft:tuff":7,"create:raw_zinc":77,"skilltree:gem":29,"minecraft:lapis_lazuli":26,"minecraft:dirt":1166,"minecraft:name_tag":2,"minecraft:bone":30,"samurai_dynasty:cloth":44,"minecraft:wheat_seeds":92,"minecraft:raw_gold":63,"minecraft:grindstone":1,"samurai_dynasty:diamond_samurai_helmet_master":2,"minecraft:oak_planks":1844,"minecraft:oak_pressure_plate":1,"minecraft:poisonous_potato":1,"minecraft:mossy_cobblestone":3,"create:crimsite":4,"minecraft:diamond":35,"samurai_dynasty:straw_hat":2,"minecraft:granite":37,"minecraft:grass":20,"minecraft:bread":7138,"minecraft:emerald":64,"minecraft:oak_sapling":343,"minecraft:diamond_pickaxe":1,"minecraft:crafting_table":4,"minecraft:chest_minecart":2,"minecraft:wooden_pickaxe":2,"minecraft:shield":1,"minecraft:oak_trapdoor":2,"samurai_dynasty:komainu_statue":1,"minecraft:iron_axe":1,"minecraft:wooden_sword":2,"minecraft:white_carpet":16,"minecraft:iron_shovel":1,"skilltree:golden_ring":2,"minecraft:beef":19,"minecraft:oak_boat":2,"minecraft:poppy":9,"minecraft:lectern":25,"minecraft:sugar_cane":30,"minecraft:chest":10,"globalxp:xp_block":2,"minecraft:egg":4,"minecraft:raw_iron":66,"minecraft:raw_gold_block":2,"sophisticatedbackpacks:backpack":2,"minecraft:carrot":16,"minecraft:redstone":8,"samurai_dynasty:ninja_leggings":1,"minecraft:arrow":6,"minecraft:beetroot_seeds":30,"minecraft:shears":1,"minecraft:hay_block":22,"minecraft:saddle":3,"minecraft:gold_ingot":8,"minecraft:mutton":17,"minecraft:white_wool":34,"minecraft:rail":16,"minecraft:oxeye_daisy":5,"minecraft:glow_ink_sac":4,"samurai_dynasty:ruby":21,"minecraft:leather":18,"samurai_dynasty:jade":6,"minecraft:birch_planks":1,"minecraft:oak_log":1719,"minecraft:yellow_bed":2,"skilltree:scholar_necklace":1,"minecraft:apple":67,"minecraft:kelp":6,"minecraft:iron_ingot":32,"minecraft:oak_fence_gate":1,"minecraft:stone_pickaxe":1,"minecraft:book":19,"minecraft:oak_slab":2,"minecraft:dandelion":1,"minecraft:gravel":112,"minecraft:white_bed":5,"minecraft:spider_eye":2,"minecraft:stone_axe":2,"minecraft:iron_helmet":6,"minecraft:gray_wool":1,"create:rose_quartz":22,"minecraft:black_wool":17,"minecraft:coal":3,"minecraft:ender_pearl":2},"minecraft:broken":{"minecraft:wooden_axe":1,"minecraft:golden_axe":9,"minecraft:iron_axe":3},"minecraft:dropped":{"minecraft:lapis_lazuli":26,"minecraft:diamond":18,"minecraft:leather":4,"create:crimsite":4,"minecraft:saddle":2,"samurai_dynasty:ruby":7,"minecraft:emerald":74,"minecraft:dirt":22,"samurai_dynasty:kimono":2,"minecraft:white_wool":4,"minecraft:gold_ingot":4,"minecraft:bone":21,"minecraft:gravel":53,"minecraft:sugar_cane":6,"minecraft:wheat":3,"minecraft:rotten_flesh":23,"minecraft:oak_planks":4,"minecraft:poppy":2,"minecraft:beetroot_seeds":4,"create:limestone":61,"globalxp:xp_block":1,"minecraft:lectern":1,"minecraft:egg":2,"minecraft:enchanted_book":2,"minecraft:iron_ingot":53,"minecraft:bread":156,"create:rose_quartz":39,"minecraft:wheat_seeds":9,"minecraft:lilac":1,"minecraft:mossy_cobblestone":1,"minecraft:book":1,"minecraft:stick":159,"minecraft:oxeye_daisy":2,"minecraft:torch":7,"skilltree:gem":15,"samurai_dynasty:diamond_samurai_helmet_master":1,"minecraft:string":1,"minecraft:pink_petals":4,"create:sand_paper":4,"minecraft:redstone":21,"minecraft:kelp":8,"minecraft:raw_copper":28,"minecraft:raw_iron":37,"minecraft:white_carpet":12,"sophisticatedbackpacks:backpack":1,"minecraft:name_tag":2,"samurai_dynasty:katana":2,"minecraft:yellow_bed":1,"minecraft:oak_sapling":390,"minecraft:spider_eye":1,"minecraft:raw_gold":20,"create:golden_sheet":2}},"DataVersion":3465}