{"stats":{"minecraft:killed":{"minecraft:spider":6,"samurai_dynasty:komainu":2,"minecraft:skeleton":8,"minecraft:pig":4,"minecraft:zombie_villager":1,"minecraft:iron_golem":8,"minecraft:creeper":2,"minecraft:sheep":8,"minecraft:zombie":41,"samurai_dynasty:kawauso":1,"minecraft:cow":12,"minecraft:horse":5,"minecraft:drowned":1,"minecraft:bat":1,"minecraft:enderman":3},"minecraft:mined":{"create:deepslate_zinc_ore":30,"minecraft:white_bed":8,"samurai_dynasty:komainu_statue":2,"minecraft:farmland":2,"minecraft:sculk_vein":3,"minecraft:brewing_stand":1,"minecraft:granite":38,"minecraft:grass_block":282,"minecraft:oak_pressure_plate":1,"minecraft:hopper":1,"minecraft:oxeye_daisy":2,"minecraft:iron_ore":45,"minecraft:fire":2,"minecraft:deepslate_lapis_ore":4,"minecraft:azure_bluet":2,"minecraft:oak_sign":1,"create:limestone":61,"minecraft:deepslate_redstone_ore":2,"minecraft:torch":2,"minecraft:calcite":25,"minecraft:poppy":1,"minecraft:chest":3,"minecraft:cobblestone":67,"minecraft:grindstone":1,"minecraft:sugar_cane":15,"minecraft:oak_planks":36,"minecraft:iron_door":3,"minecraft:wall_torch":2,"minecraft:deepslate_copper_ore":2,"minecraft:pink_petals":1,"minecraft:wheat":28,"samurai_dynasty:deepslate_jade_ore":6,"minecraft:lilac":1,"minecraft:grass":42,"minecraft:oak_log":1320,"minecraft:beetroots":11,"minecraft:dirt":434,"create:crimsite":2,"minecraft:oak_leaves":918,"minecraft:deepslate":151,"minecraft:tuff":7,"minecraft:mossy_cobblestone":2,"minecraft:deepslate_diamond_ore":26,"minecraft:end_stone":17,"minecraft:hay_block":22,"minecraft:redstone_ore":1,"minecraft:oak_trapdoor":2,"minecraft:furnace":3,"minecraft:carrots":8,"minecraft:raw_gold_block":3,"minecraft:andesite":37,"samurai_dynasty:tanuki_statue":1,"minecraft:bell":1,"minecraft:bookshelf":54,"minecraft:potatoes":18,"minecraft:deepslate_iron_ore":9,"minecraft:cobblestone_slab":2,"minecraft:rail":4,"minecraft:chorus_plant":1,"minecraft:stone":341,"minecraft:oak_slab":1,"minecraft:crafting_table":2,"minecraft:rose_bush":2,"minecraft:lectern":27,"minecraft:tall_grass":6,"minecraft:deepslate_gold_ore":22,"minecraft:sculk":21,"minecraft:diorite":32,"minecraft:birch_planks":1,"minecraft:white_carpet":5,"globalxp:xp_block":1,"minecraft:birch_leaves":79,"minecraft:yellow_bed":3,"minecraft:coal_ore":1,"minecraft:gravel":25,"minecraft:stone_bricks":1,"minecraft:gold_ore":4},"minecraft:broken":{"minecraft:shears":3,"minecraft:wooden_axe":1,"minecraft:golden_axe":9,"minecraft:iron_axe":3},"minecraft:dropped":{"sophisticatedbackpacks:iron_backpack":1,"minecraft:lapis_lazuli":26,"minecraft:diamond":18,"minecraft:crafting_table":1,"minecraft:leather":4,"samurai_dynasty:ninja_leggings":2,"create:crimsite":4,"minecraft:saddle":2,"samurai_dynasty:ruby":7,"sophisticatedbackpacks:gold_backpack":1,"minecraft:emerald":76,"minecraft:dirt":22,"samurai_dynasty:kimono":2,"minecraft:white_wool":4,"minecraft:gold_ingot":4,"minecraft:bone":21,"minecraft:gravel":53,"minecraft:sugar_cane":6,"minecraft:wheat":3,"minecraft:rotten_flesh":29,"minecraft:oak_planks":36,"minecraft:poppy":3,"minecraft:beetroot_seeds":4,"minecraft:melon_seeds":3,"create:limestone":61,"globalxp:xp_block":1,"minecraft:oak_leaves":4,"minecraft:lectern":1,"minecraft:egg":2,"minecraft:enchanted_book":2,"minecraft:iron_ingot":53,"minecraft:bread":187,"create:rose_quartz":39,"minecraft:birch_leaves":79,"minecraft:wheat_seeds":9,"minecraft:lilac":1,"minecraft:mossy_cobblestone":1,"minecraft:cobblestone":458,"minecraft:book":1,"minecraft:stick":159,"minecraft:oxeye_daisy":2,"minecraft:torch":7,"skilltree:gem":15,"samurai_dynasty:diamond_samurai_helmet_master":1,"minecraft:string":1,"minecraft:pink_petals":4,"minecraft:bucket":1,"create:sand_paper":4,"minecraft:redstone":21,"minecraft:kelp":8,"minecraft:raw_copper":28,"minecraft:raw_iron":37,"minecraft:white_carpet":12,"skilltree:iron_ring":1,"sophisticatedbackpacks:backpack":1,"minecraft:name_tag":2,"minecraft:ender_eye":1,"samurai_dynasty:katana":2,"minecraft:yellow_bed":1,"minecraft:oak_sapling":390,"minecraft:spider_eye":1,"minecraft:raw_gold":20,"create:golden_sheet":2},"minecraft:killed_by":{"minecraft:player":2},"minecraft:custom":{"minecraft:animals_bred":11,"minecraft:interact_with_crafting_table":137,"minecraft:bell_ring":86,"minecraft:leave_game":18,"minecraft:time_since_death":143520,"minecraft:sprint_one_cm":2220368,"minecraft:drop":731,"minecraft:talked_to_villager":464,"minecraft:play_time":927177,"minecraft:deaths":6,"minecraft:jump":15243,"minecraft:interact_with_brewingstand":1,"minecraft:walk_on_water_one_cm":90311,"minecraft:interact_with_furnace":60,"minecraft:traded_with_villager":710,"minecraft:sleep_in_bed":26,"minecraft:waystone_activated":4,"minecraft:open_enderchest":21,"minecraft:damage_dealt":28879,"minecraft:player_kills":1,"minecraft:crouch_one_cm":176506,"minecraft:interact_with_smithing_table":12,"minecraft:mob_kills":114,"minecraft:interact_with_anvil":16,"minecraft:inspect_hopper":1,"minecraft:climb_one_cm":1549,"minecraft:walk_one_cm":1450603,"minecraft:damage_dealt_absorbed":43,"minecraft:sneak_time":51889,"minecraft:walk_under_water_one_cm":43307,"minecraft:boat_one_cm":359354,"minecraft:interact_with_blast_furnace":55,"minecraft:total_world_time":927177,"minecraft:time_since_rest":80680,"minecraft:damage_taken":12742,"minecraft:swim_one_cm":69188,"minecraft:fly_one_cm":3539773,"minecraft:open_chest":317,"minecraft:fall_one_cm":475003},"minecraft:crafted":{"minecraft:oak_planks":11520,"minecraft:cobblestone_slab":6,"minecraft:oak_sign":6,"samurai_dynasty:katana":2,"minecraft:stone":1,"minecraft:bookshelf":14,"samurai_dynasty:diamond_samurai_chestplate_master":2,"minecraft:hopper":9,"minecraft:chest":17,"samurai_dynasty:diamond_samurai_boots_master":2,"samurai_dynasty:ninja_leggings":1,"minecraft:golden_axe":9,"minecraft:oak_slab":48,"sophisticatedbackpacks:backpack":2,"minecraft:emerald":678,"samurai_dynasty:steel_ingot":14,"minecraft:crafting_table":10,"minecraft:wooden_pickaxe":1,"skilltree:scholar_necklace":1,"samurai_dynasty:katana_handle":1,"minecraft:lectern":8,"minecraft:book":8,"minecraft:paper":24,"minecraft:diamond_pickaxe":1,"minecraft:shield":1,"minecraft:stick":21082,"minecraft:iron_ingot":134,"minecraft:iron_pickaxe":2,"minecraft:stone_sword":1,"samurai_dynasty:diamond_samurai_leggings_master":2,"minecraft:gold_ingot":42,"minecraft:shears":6,"samurai_dynasty:kimono":1,"minecraft:wooden_sword":1,"minecraft:furnace":1,"minecraft:bone_meal":54,"minecraft:white_carpet":18,"minecraft:oak_trapdoor":24,"samurai_dynasty:diamond_samurai_helmet_master":2,"minecraft:iron_axe":4,"minecraft:iron_hoe":1,"minecraft:stone_pickaxe":1,"minecraft:wheat":198,"sophisticatedbackpacks:iron_backpack":1,"minecraft:red_dye":1,"samurai_dynasty:gold_ninja_boots":1,"sophisticatedbackpacks:gold_backpack":1,"samurai_dynasty:cloth":8,"minecraft:stone_axe":1,"minecraft:enchanted_book":20,"minecraft:air":0,"minecraft:oak_fence_gate":2,"minecraft:oak_boat":4,"minecraft:gold_nugget":18,"minecraft:wooden_axe":3,"minecraft:black_carpet":6,"minecraft:white_bed":8,"minecraft:torch":24},"minecraft:picked_up":{"minecraft:wooden_axe":3,"minecraft:iron_chestplate":1,"minecraft:wheat":44,"samurai_dynasty:diamond_samurai_leggings_master":2,"minecraft:enchanted_book":6,"minecraft:brewing_stand":1,"samurai_dynasty:kimono":2,"skilltree:iron_ring":7,"minecraft:string":9,"minecraft:raw_copper":28,"create:limestone":61,"minecraft:iron_leggings":1,"minecraft:beetroot":11,"minecraft:oak_sign":3,"create:sand_paper":4,"minecraft:activator_rail":3,"minecraft:cobbled_deepslate":309,"minecraft:gold_nugget":6,"minecraft:bucket":3,"minecraft:spruce_planks":2,"minecraft:rose_bush":3,"minecraft:cobblestone_slab":6,"minecraft:ender_eye":4,"minecraft:calcite":25,"minecraft:iron_pickaxe":8,"minecraft:furnace":2,"minecraft:iron_boots":4,"minecraft:stick":368,"samurai_dynasty:katana":8,"minecraft:oak_fence":13,"minecraft:torch":77,"minecraft:porkchop":15,"minecraft:diorite":35,"minecraft:stone_sword":4,"minecraft:rotten_flesh":111,"minecraft:iron_bars":1,"minecraft:cobblestone":1998,"minecraft:pink_petals":8,"minecraft:lilac":1,"minecraft:iron_door":3,"minecraft:water_bucket":7,"minecraft:andesite":41,"minecraft:potato":51,"minecraft:flint":10,"minecraft:tuff":7,"create:raw_zinc":77,"skilltree:gem":30,"minecraft:lapis_lazuli":26,"minecraft:dirt":1952,"minecraft:name_tag":2,"minecraft:bone":42,"samurai_dynasty:cloth":44,"minecraft:wheat_seeds":92,"minecraft:raw_gold":63,"minecraft:bell":1,"minecraft:grindstone":1,"samurai_dynasty:diamond_samurai_helmet_master":4,"minecraft:oak_planks":2322,"minecraft:oak_pressure_plate":1,"minecraft:poisonous_potato":1,"sophisticatedbackpacks:iron_backpack":1,"minecraft:mossy_cobblestone":3,"create:crimsite":4,"minecraft:diamond":43,"waystones:waystone":3,"samurai_dynasty:straw_hat":2,"minecraft:granite":37,"minecraft:grass":20,"minecraft:emerald":64,"minecraft:bread":9215,"minecraft:oak_sapling":344,"minecraft:chorus_fruit":4,"minecraft:oak_leaves":1069,"minecraft:diamond_pickaxe":3,"sophisticatedbackpacks:gold_backpack":1,"minecraft:crafting_table":8,"minecraft:chest_minecart":2,"minecraft:wooden_pickaxe":2,"minecraft:shield":1,"minecraft:oak_trapdoor":14,"samurai_dynasty:komainu_statue":1,"minecraft:iron_axe":1,"minecraft:wooden_sword":2,"minecraft:white_carpet":203,"minecraft:iron_shovel":1,"minecraft:cracked_stone_bricks":1,"skilltree:golden_ring":6,"minecraft:beef":19,"minecraft:oak_boat":2,"minecraft:poppy":11,"minecraft:lectern":26,"minecraft:sugar_cane":30,"minecraft:chest":15,"globalxp:xp_block":2,"minecraft:egg":4,"minecraft:raw_iron":66,"minecraft:end_stone":81,"minecraft:raw_gold_block":2,"minecraft:copper_ingot":3,"sophisticatedbackpacks:backpack":2,"minecraft:carrot":16,"minecraft:redstone":8,"samurai_dynasty:diamond_samurai_boots_master":2,"samurai_dynasty:ninja_leggings":3,"minecraft:arrow":23,"samurai_dynasty:diamond_samurai_chestplate_master":2,"minecraft:beetroot_seeds":30,"minecraft:shears":1,"minecraft:hay_block":22,"minecraft:saddle":3,"minecraft:gold_ingot":8,"minecraft:mutton":17,"minecraft:rail":16,"minecraft:white_wool":45,"minecraft:oxeye_daisy":5,"minecraft:birch_leaves":79,"minecraft:glow_ink_sac":4,"samurai_dynasty:ruby":21,"minecraft:leather":18,"samurai_dynasty:jade":6,"minecraft:birch_planks":1,"minecraft:oak_log":1965,"minecraft:yellow_bed":2,"minecraft:gunpowder":6,"skilltree:scholar_necklace":1,"minecraft:apple":73,"minecraft:stone_bricks":2,"minecraft:kelp":6,"minecraft:oak_fence_gate":1,"minecraft:iron_ingot":46,"minecraft:stone_pickaxe":1,"minecraft:iron_sword":1,"minecraft:book":166,"minecraft:oak_slab":2,"minecraft:dandelion":1,"minecraft:gravel":114,"minecraft:white_bed":11,"minecraft:dragon_egg":1,"minecraft:spider_eye":2,"minecraft:stone_axe":3,"minecraft:iron_helmet":7,"create:rose_quartz":22,"minecraft:gray_wool":1,"minecraft:black_wool":22,"minecraft:coal":11,"minecraft:hopper":8,"minecraft:ender_pearl":12},"minecraft:used":{"minecraft:oak_sign":6,"minecraft:chest":11,"minecraft:iron_sword":4,"minecraft:mutton":3,"samurai_dynasty:katana":431,"minecraft:carrot":13,"minecraft:lava_bucket":2,"minecraft:iron_helmet":5,"minecraft:furnace":2,"minecraft:egg":2,"minecraft:potato":17,"minecraft:diorite":6,"minecraft:oak_planks":978,"minecraft:ender_pearl":5,"minecraft:wooden_pickaxe":6,"minecraft:sugar_cane":6,"minecraft:oak_leaves":425,"minecraft:end_stone":61,"minecraft:shears":899,"waystones:waystone":3,"minecraft:bread":300,"minecraft:lectern":33,"minecraft:oak_pressure_plate":1,"minecraft:gravel":2,"minecraft:wooden_sword":30,"globalxp:xp_block":1,"minecraft:grindstone":1,"minecraft:andesite":1,"minecraft:oak_boat":6,"minecraft:chest_minecart":2,"minecraft:bone_meal":21,"minecraft:oak_trapdoor":23,"minecraft:iron_bars":1,"minecraft:stone_sword":55,"minecraft:torch":36,"samurai_dynasty:komainu_statue":3,"minecraft:dirt":427,"minecraft:wheat":1,"minecraft:white_carpet":116,"minecraft:hopper":8,"minecraft:granite":1,"minecraft:oak_fence_gate":2,"minecraft:iron_hoe":13,"minecraft:wooden_axe":106,"minecraft:bookshelf":6,"minecraft:iron_axe":1126,"minecraft:golden_axe":329,"minecraft:calcite":12,"minecraft:water_bucket":127,"minecraft:birch_planks":1,"samurai_dynasty:diamond_samurai_helmet_master":3,"minecraft:cobblestone_slab":3,"minecraft:oak_slab":8,"minecraft:mossy_cobblestone":2,"minecraft:rail":4,"minecraft:crafting_table":11,"minecraft:white_bed":14,"minecraft:oak_log":9,"minecraft:ender_eye":1,"minecraft:diamond_pickaxe":1061,"minecraft:apple":21,"minecraft:iron_pickaxe":613,"minecraft:stone_axe":67,"minecraft:cobblestone":1156,"minecraft:bucket":130,"minecraft:yellow_bed":2}},"DataVersion":3465}