{"stats":{"minecraft:dropped":{"minecraft:enchanted_book":2,"minecraft:iron_ingot":52,"minecraft:wheat_seeds":4,"minecraft:lapis_lazuli":26,"minecraft:diamond":18,"minecraft:book":1,"minecraft:leather":4,"create:crimsite":4,"minecraft:saddle":1,"samurai_dynasty:ruby":7,"minecraft:emerald":74,"minecraft:stick":11,"minecraft:oxeye_daisy":2,"minecraft:dirt":22,"minecraft:torch":3,"skilltree:gem":15,"samurai_dynasty:diamond_samurai_helmet_master":1,"samurai_dynasty:kimono":2,"minecraft:white_wool":4,"minecraft:gold_ingot":4,"minecraft:redstone":21,"minecraft:bone":21,"minecraft:kelp":8,"minecraft:sugar_cane":6,"minecraft:wheat":3,"minecraft:raw_iron":37,"minecraft:white_carpet":12,"minecraft:rotten_flesh":17,"minecraft:oak_planks":4,"minecraft:name_tag":2,"samurai_dynasty:katana":2,"minecraft:yellow_bed":1,"create:limestone":61,"minecraft:oak_sapling":90,"minecraft:raw_gold":20,"create:golden_sheet":2},"minecraft:custom":{"minecraft:interact_with_anvil":3,"minecraft:mob_kills":58,"minecraft:animals_bred":7,"minecraft:interact_with_crafting_table":67,"minecraft:bell_ring":65,"minecraft:leave_game":2,"minecraft:time_since_death":189828,"minecraft:sprint_one_cm":822208,"minecraft:walk_one_cm":613160,"minecraft:drop":355,"minecraft:damage_dealt_absorbed":43,"minecraft:talked_to_villager":75,"minecraft:play_time":337458,"minecraft:deaths":4,"minecraft:sneak_time":11711,"minecraft:walk_under_water_one_cm":5295,"minecraft:boat_one_cm":209155,"minecraft:interact_with_brewingstand":1,"minecraft:jump":6126,"minecraft:interact_with_blast_furnace":33,"minecraft:walk_on_water_one_cm":33371,"minecraft:total_world_time":337458,"minecraft:interact_with_furnace":37,"minecraft:traded_with_villager":33,"minecraft:sleep_in_bed":8,"minecraft:time_since_rest":14482,"minecraft:damage_taken":5372,"minecraft:damage_dealt":11189,"minecraft:swim_one_cm":14383,"minecraft:fly_one_cm":1163530,"minecraft:player_kills":1,"minecraft:open_chest":128,"minecraft:crouch_one_cm":23833,"minecraft:fall_one_cm":184856},"minecraft:mined":{"create:deepslate_zinc_ore":30,"minecraft:tuff":7,"minecraft:white_bed":1,"samurai_dynasty:komainu_statue":1,"minecraft:mossy_cobblestone":2,"minecraft:deepslate_diamond_ore":23,"minecraft:sculk_vein":1,"minecraft:granite":29,"minecraft:grass_block":9,"minecraft:oxeye_daisy":2,"minecraft:hay_block":22,"minecraft:redstone_ore":1,"minecraft:furnace":3,"minecraft:carrots":8,"minecraft:raw_gold_block":3,"minecraft:iron_ore":37,"minecraft:andesite":33,"samurai_dynasty:tanuki_statue":1,"minecraft:deepslate_lapis_ore":4,"minecraft:azure_bluet":2,"minecraft:potatoes":18,"minecraft:cobblestone_slab":2,"minecraft:deepslate_iron_ore":4,"minecraft:rail":4,"minecraft:stone":97,"create:limestone":61,"minecraft:deepslate_redstone_ore":1,"minecraft:crafting_table":1,"minecraft:poppy":1,"minecraft:calcite":24,"minecraft:chest":2,"minecraft:rose_bush":2,"minecraft:tall_grass":6,"minecraft:cobblestone":7,"minecraft:deepslate_gold_ore":14,"minecraft:sugar_cane":11,"minecraft:oak_planks":24,"minecraft:sculk":21,"minecraft:diorite":21,"minecraft:wall_torch":1,"minecraft:pink_petals":1,"minecraft:wheat":28,"samurai_dynasty:deepslate_jade_ore":6,"minecraft:white_carpet":4,"minecraft:yellow_bed":3,"minecraft:grass":30,"minecraft:oak_log":303,"minecraft:beetroots":11,"minecraft:gravel":25,"minecraft:dirt":23,"minecraft:gold_ore":4,"create:crimsite":2,"minecraft:oak_leaves":12,"minecraft:deepslate":78},"minecraft:crafted":{"minecraft:wooden_sword":1,"minecraft:oak_planks":1136,"samurai_dynasty:katana":1,"minecraft:furnace":1,"minecraft:stone":1,"minecraft:bone_meal":45,"minecraft:bookshelf":1,"samurai_dynasty:diamond_samurai_chestplate_master":1,"samurai_dynasty:diamond_samurai_helmet_master":1,"minecraft:iron_axe":1,"minecraft:stone_pickaxe":1,"minecraft:chest":5,"samurai_dynasty:diamond_samurai_boots_master":1,"samurai_dynasty:ninja_leggings":1,"minecraft:wheat":198,"minecraft:red_dye":1,"minecraft:oak_slab":6,"sophisticatedbackpacks:backpack":2,"minecraft:emerald":31,"samurai_dynasty:steel_ingot":14,"minecraft:crafting_table":7,"minecraft:wooden_pickaxe":1,"samurai_dynasty:gold_ninja_boots":1,"minecraft:enchanted_book":2,"minecraft:air":0,"samurai_dynasty:katana_handle":1,"minecraft:oak_boat":1,"minecraft:lectern":1,"minecraft:book":6,"minecraft:paper":21,"minecraft:diamond_pickaxe":1,"minecraft:gold_nugget":9,"minecraft:stick":792,"minecraft:iron_pickaxe":1,"minecraft:iron_ingot":38,"minecraft:wooden_axe":2,"minecraft:stone_sword":1,"samurai_dynasty:diamond_samurai_leggings_master":1,"minecraft:gold_ingot":42,"minecraft:white_bed":2,"samurai_dynasty:kimono":1},"minecraft:used":{"minecraft:stone_sword":55,"minecraft:chest":5,"minecraft:dirt":15,"minecraft:mutton":3,"minecraft:wheat":1,"samurai_dynasty:katana":164,"minecraft:carrot":13,"minecraft:granite":1,"minecraft:wooden_axe":105,"minecraft:iron_axe":266,"minecraft:iron_helmet":5,"minecraft:furnace":2,"minecraft:egg":1,"minecraft:potato":17,"minecraft:calcite":12,"minecraft:water_bucket":28,"minecraft:diorite":6,"samurai_dynasty:diamond_samurai_helmet_master":2,"minecraft:oak_planks":659,"minecraft:wooden_pickaxe":6,"minecraft:sugar_cane":1,"minecraft:mossy_cobblestone":2,"minecraft:rail":4,"minecraft:oak_slab":2,"minecraft:crafting_table":7,"minecraft:white_bed":3,"minecraft:oak_log":9,"minecraft:apple":21,"minecraft:bread":106,"minecraft:iron_pickaxe":554,"minecraft:stone_axe":21,"minecraft:wooden_sword":30,"minecraft:bucket":29,"minecraft:yellow_bed":2,"minecraft:oak_boat":2,"minecraft:chest_minecart":2,"minecraft:bone_meal":21},"minecraft:killed":{"minecraft:spider":3,"minecraft:horse":5,"minecraft:skeleton":4,"minecraft:drowned":1,"minecraft:pig":4,"minecraft:iron_golem":2,"minecraft:sheep":8,"minecraft:zombie":16,"minecraft:cow":12},"minecraft:broken":{"minecraft:wooden_axe":1},"minecraft:killed_by":{"minecraft:player":2},"minecraft:picked_up":{"minecraft:wooden_axe":2,"minecraft:crafting_table":4,"minecraft:wheat":44,"minecraft:chest_minecart":2,"minecraft:wooden_pickaxe":2,"minecraft:enchanted_book":1,"minecraft:shield":1,"samurai_dynasty:kimono":1,"skilltree:iron_ring":1,"minecraft:string":1,"create:limestone":61,"minecraft:iron_axe":1,"minecraft:wooden_sword":2,"minecraft:white_carpet":16,"minecraft:beetroot":11,"skilltree:golden_ring":1,"minecraft:gold_nugget":6,"minecraft:cobbled_deepslate":87,"minecraft:bucket":2,"minecraft:beef":19,"minecraft:oak_boat":1,"minecraft:rose_bush":3,"minecraft:cobblestone_slab":2,"minecraft:calcite":24,"minecraft:poppy":1,"minecraft:iron_pickaxe":6,"minecraft:sugar_cane":24,"minecraft:chest":9,"minecraft:egg":1,"minecraft:iron_boots":2,"minecraft:furnace":2,"minecraft:raw_iron":43,"minecraft:stick":50,"samurai_dynasty:katana":3,"minecraft:raw_gold_block":2,"minecraft:oak_fence":13,"minecraft:torch":8,"minecraft:porkchop":15,"minecraft:diorite":21,"minecraft:carrot":16,"minecraft:redstone":8,"minecraft:stone_sword":4,"minecraft:arrow":3,"minecraft:rotten_flesh":31,"minecraft:beetroot_seeds":30,"minecraft:hay_block":22,"minecraft:saddle":1,"minecraft:gold_ingot":8,"minecraft:mutton":17,"minecraft:white_wool":19,"minecraft:rail":16,"minecraft:cobblestone":137,"minecraft:oxeye_daisy":5,"samurai_dynasty:ruby":18,"minecraft:glow_ink_sac":4,"minecraft:water_bucket":3,"minecraft:andesite":33,"minecraft:leather":18,"samurai_dynasty:jade":6,"minecraft:potato":30,"minecraft:tuff":7,"create:raw_zinc":77,"minecraft:oak_log":501,"minecraft:yellow_bed":2,"minecraft:lapis_lazuli":26,"skilltree:gem":25,"minecraft:dirt":72,"minecraft:name_tag":2,"minecraft:bone":25,"minecraft:apple":48,"minecraft:kelp":6,"samurai_dynasty:cloth":42,"minecraft:wheat_seeds":86,"minecraft:raw_gold":40,"minecraft:stone_pickaxe":1,"minecraft:iron_ingot":16,"samurai_dynasty:diamond_samurai_helmet_master":2,"minecraft:oak_planks":1227,"minecraft:book":1,"minecraft:dandelion":1,"minecraft:gravel":57,"minecraft:white_bed":1,"minecraft:spider_eye":1,"minecraft:mossy_cobblestone":3,"create:crimsite":4,"minecraft:diamond":35,"minecraft:stone_axe":2,"minecraft:iron_helmet":5,"minecraft:granite":28,"minecraft:grass":20,"minecraft:gray_wool":1,"minecraft:emerald":46,"minecraft:bread":6176,"minecraft:oak_sapling":116,"minecraft:black_wool":7}},"DataVersion":3465}