{"stats":{"minecraft:dropped":{"minecraft:enchanted_book":2,"minecraft:iron_ingot":22,"minecraft:kelp":8,"minecraft:sugar_cane":6,"minecraft:wheat_seeds":3,"minecraft:diamond":10,"minecraft:wheat":3,"minecraft:raw_iron":11,"minecraft:rotten_flesh":2,"minecraft:oak_planks":4,"minecraft:name_tag":1,"samurai_dynasty:ruby":7,"minecraft:stick":11,"minecraft:oxeye_daisy":2,"minecraft:dirt":7,"skilltree:gem":15,"minecraft:oak_sapling":90,"minecraft:raw_gold":20,"minecraft:bone":21,"minecraft:redstone":17},"minecraft:custom":{"minecraft:mob_kills":17,"minecraft:interact_with_crafting_table":19,"minecraft:bell_ring":6,"minecraft:leave_game":2,"minecraft:time_since_death":27763,"minecraft:sleep_in_bed":2,"minecraft:time_since_rest":10360,"minecraft:sprint_one_cm":363035,"minecraft:damage_taken":2546,"minecraft:walk_one_cm":204314,"minecraft:drop":255,"minecraft:damage_dealt":3710,"minecraft:talked_to_villager":14,"minecraft:damage_dealt_absorbed":43,"minecraft:swim_one_cm":9113,"minecraft:fly_one_cm":384604,"minecraft:open_chest":17,"minecraft:crouch_one_cm":10350,"minecraft:play_time":127458,"minecraft:deaths":3,"minecraft:sneak_time":6563,"minecraft:walk_under_water_one_cm":4330,"minecraft:boat_one_cm":209155,"minecraft:jump":2518,"minecraft:walk_on_water_one_cm":20153,"minecraft:total_world_time":127458,"minecraft:fall_one_cm":63816},"minecraft:mined":{"minecraft:deepslate_redstone_ore":1,"create:deepslate_zinc_ore":30,"minecraft:white_bed":1,"minecraft:deepslate_diamond_ore":6,"minecraft:sculk_vein":1,"minecraft:crafting_table":1,"minecraft:granite":3,"minecraft:grass_block":1,"minecraft:chest":1,"minecraft:rose_bush":2,"minecraft:tall_grass":5,"minecraft:cobblestone":1,"minecraft:deepslate_gold_ore":11,"minecraft:oak_planks":10,"minecraft:oxeye_daisy":2,"minecraft:sculk":21,"minecraft:diorite":6,"minecraft:iron_ore":8,"minecraft:yellow_bed":2,"minecraft:azure_bluet":2,"minecraft:grass":10,"minecraft:oak_log":303,"minecraft:deepslate_iron_ore":2,"minecraft:rail":4,"minecraft:gravel":25,"minecraft:dirt":10,"minecraft:stone":82,"minecraft:gold_ore":4,"minecraft:oak_leaves":12,"minecraft:deepslate":14},"minecraft:crafted":{"minecraft:wooden_sword":1,"minecraft:oak_planks":1136,"minecraft:crafting_table":5,"minecraft:wooden_pickaxe":1,"minecraft:oak_boat":1,"minecraft:iron_axe":1,"minecraft:stone_pickaxe":1,"minecraft:wooden_axe":2,"minecraft:stone_sword":1,"minecraft:chest":5},"minecraft:used":{"minecraft:water_bucket":8,"minecraft:diorite":6,"minecraft:stone_sword":55,"minecraft:oak_planks":257,"minecraft:chest":5,"minecraft:wooden_pickaxe":6,"minecraft:rail":4,"minecraft:mutton":3,"minecraft:crafting_table":5,"minecraft:granite":1,"minecraft:oak_log":9,"minecraft:wooden_axe":105,"minecraft:apple":16,"minecraft:iron_axe":266,"minecraft:bread":38,"minecraft:iron_pickaxe":217,"minecraft:iron_helmet":4,"minecraft:stone_axe":3,"minecraft:wooden_sword":30,"minecraft:bucket":9,"minecraft:chest_minecart":2,"minecraft:oak_boat":2},"minecraft:killed":{"minecraft:pig":3,"minecraft:spider":2,"minecraft:iron_golem":1,"minecraft:skeleton":1,"minecraft:sheep":4,"minecraft:zombie":1,"minecraft:cow":2},"minecraft:broken":{"minecraft:wooden_axe":1},"minecraft:killed_by":{"minecraft:player":1},"minecraft:picked_up":{"minecraft:wooden_axe":2,"minecraft:crafting_table":1,"minecraft:water_bucket":2,"minecraft:glow_ink_sac":4,"minecraft:chest_minecart":2,"minecraft:leather":4,"minecraft:wooden_pickaxe":2,"create:raw_zinc":77,"minecraft:oak_log":501,"minecraft:yellow_bed":1,"minecraft:shield":1,"skilltree:gem":20,"minecraft:string":1,"minecraft:dirt":21,"minecraft:iron_axe":1,"minecraft:wooden_sword":2,"minecraft:name_tag":2,"minecraft:bone":21,"minecraft:apple":40,"minecraft:kelp":6,"minecraft:wheat_seeds":6,"minecraft:cobbled_deepslate":24,"minecraft:raw_gold":37,"minecraft:bucket":2,"minecraft:beef":2,"minecraft:iron_ingot":13,"minecraft:oak_boat":1,"minecraft:rose_bush":3,"minecraft:iron_pickaxe":5,"minecraft:chest":4,"minecraft:oak_planks":403,"minecraft:iron_boots":1,"minecraft:stick":47,"minecraft:raw_iron":12,"minecraft:torch":2,"minecraft:dandelion":1,"minecraft:gravel":57,"minecraft:porkchop":15,"minecraft:diorite":6,"minecraft:white_bed":1,"minecraft:redstone":4,"minecraft:spider_eye":1,"minecraft:arrow":2,"minecraft:stone_sword":2,"minecraft:rotten_flesh":6,"minecraft:diamond":13,"minecraft:stone_axe":1,"minecraft:iron_helmet":4,"minecraft:granite":2,"minecraft:gold_ingot":1,"minecraft:bread":4951,"minecraft:oak_sapling":116,"minecraft:black_wool":6,"minecraft:mutton":11,"minecraft:rail":16,"minecraft:white_wool":13,"minecraft:cobblestone":113,"minecraft:oxeye_daisy":5}},"DataVersion":3465}