{"stats":{"minecraft:dropped":{"minecraft:water_bucket":1,"minecraft:iron_ingot":9,"minecraft:bread":1250,"minecraft:wheat_seeds":7,"minecraft:oak_log":209,"minecraft:iron_helmet":2,"minecraft:chest_minecart":4,"minecraft:granite":2,"minecraft:stick":3,"minecraft:dirt":3,"minecraft:diorite":18,"minecraft:rose_bush":4,"skilltree:gem":4,"minecraft:iron_pickaxe":4,"minecraft:string":3,"minecraft:white_wool":7,"minecraft:bucket":1,"create:raw_zinc":1,"minecraft:dandelion":1,"minecraft:gravel":3,"minecraft:obsidian":7,"minecraft:raw_iron":2,"minecraft:rotten_flesh":4,"minecraft:oak_planks":12,"minecraft:iron_boots":1,"minecraft:pumpkin_seeds":2,"minecraft:shield":1,"minecraft:melon_seeds":4},"minecraft:custom":{"minecraft:mob_kills":23,"minecraft:interact_with_crafting_table":16,"minecraft:leave_game":10,"minecraft:time_since_death":122835,"minecraft:sprint_one_cm":367335,"minecraft:walk_one_cm":142896,"minecraft:damage_blocked_by_shield":150,"minecraft:drop":55,"minecraft:talked_to_villager":1,"minecraft:play_time":122835,"minecraft:sneak_time":9632,"minecraft:walk_under_water_one_cm":10326,"minecraft:boat_one_cm":87651,"minecraft:jump":1887,"minecraft:walk_on_water_one_cm":11677,"minecraft:total_world_time":122835,"minecraft:interact_with_furnace":22,"minecraft:sleep_in_bed":2,"minecraft:time_since_rest":7751,"minecraft:damage_taken":1168,"minecraft:damage_dealt":3082,"minecraft:swim_one_cm":20181,"minecraft:fly_one_cm":455747,"minecraft:player_kills":1,"minecraft:open_chest":22,"minecraft:crouch_one_cm":15206,"minecraft:fall_one_cm":55878},"minecraft:mined":{"create:deepslate_zinc_ore":2,"minecraft:deepslate_diamond_ore":8,"minecraft:sculk_vein":2,"minecraft:granite":1,"minecraft:grass_block":2,"minecraft:kelp":10,"minecraft:furnace":3,"minecraft:fire":5,"minecraft:iron_ore":37,"minecraft:cobbled_deepslate":1,"minecraft:deepslate_iron_ore":7,"minecraft:rail":69,"minecraft:stone":138,"minecraft:deepslate_redstone_ore":3,"minecraft:oak_fence":4,"minecraft:crafting_table":9,"minecraft:torch":1,"minecraft:chest":4,"minecraft:rose_bush":1,"minecraft:sculk_sensor":4,"minecraft:tall_grass":18,"minecraft:cobblestone":16,"minecraft:deepslate_gold_ore":21,"minecraft:oak_planks":5,"minecraft:sugar_cane":2,"minecraft:sculk":7,"minecraft:diorite":9,"minecraft:seagrass":1,"samurai_dynasty:deepslate_ruby_ore":7,"minecraft:grass":23,"minecraft:coal_ore":96,"minecraft:oak_log":53,"minecraft:gravel":7,"minecraft:dirt":4,"minecraft:cobweb":6,"minecraft:oak_leaves":4,"minecraft:deepslate":164},"minecraft:crafted":{"minecraft:wooden_sword":1,"minecraft:oak_planks":216,"minecraft:furnace":1,"minecraft:flint_and_steel":1,"minecraft:stone_pickaxe":2,"minecraft:crafting_table":2,"minecraft:wooden_pickaxe":1,"minecraft:bucket":3,"minecraft:stone_axe":1,"minecraft:air":0,"minecraft:shield":2,"minecraft:stick":48,"minecraft:iron_ingot":41,"minecraft:iron_pickaxe":3,"minecraft:wooden_axe":1,"minecraft:stone_sword":1,"minecraft:torch":180},"minecraft:used":{"minecraft:oak_fence":4,"minecraft:stone_sword":71,"minecraft:flint_and_steel":6,"minecraft:chest":1,"minecraft:shield":5,"minecraft:torch":111,"minecraft:dirt":1,"minecraft:mutton":2,"minecraft:wooden_axe":64,"minecraft:furnace":3,"minecraft:cobbled_deepslate":16,"minecraft:water_bucket":13,"minecraft:stone_pickaxe":166,"minecraft:oak_planks":15,"minecraft:wooden_pickaxe":10,"minecraft:oak_leaves":1,"minecraft:crafting_table":8,"minecraft:apple":5,"minecraft:bread":29,"minecraft:string":2,"minecraft:iron_pickaxe":412,"minecraft:stone_axe":21,"minecraft:wooden_sword":5,"minecraft:cobblestone":126,"minecraft:porkchop":1,"minecraft:bucket":16},"minecraft:killed":{"minecraft:cave_spider":1,"minecraft:spider":2,"minecraft:skeleton":4,"minecraft:chicken":3,"minecraft:pig":1,"minecraft:creeper":1,"minecraft:sheep":7,"minecraft:zombie":4},"minecraft:broken":{"minecraft:stone_pickaxe":1,"minecraft:iron_pickaxe":1,"minecraft:wooden_axe":1},"minecraft:picked_up":{"minecraft:crafting_table":9,"minecraft:wheat":3,"minecraft:chicken":3,"minecraft:chest_minecart":4,"minecraft:enchanted_book":2,"minecraft:string":5,"minecraft:cobbled_deepslate":157,"minecraft:rose_bush":4,"minecraft:poppy":2,"minecraft:iron_pickaxe":3,"minecraft:sugar_cane":12,"minecraft:chest":4,"minecraft:furnace":3,"minecraft:stick":46,"minecraft:raw_iron":65,"minecraft:oak_fence":4,"minecraft:torch":1,"minecraft:porkchop":1,"minecraft:diorite":18,"minecraft:redstone":23,"minecraft:stone_sword":1,"minecraft:arrow":3,"minecraft:rotten_flesh":4,"minecraft:mutton":11,"minecraft:obsidian":7,"minecraft:rail":69,"minecraft:white_wool":7,"minecraft:cobblestone":164,"minecraft:feather":3,"samurai_dynasty:ruby":14,"minecraft:water_bucket":1,"minecraft:potato":3,"minecraft:flint":1,"create:raw_zinc":1,"minecraft:oak_log":264,"skilltree:gem":38,"minecraft:dirt":33,"minecraft:name_tag":1,"minecraft:bone":25,"minecraft:apple":5,"minecraft:kelp":10,"minecraft:wheat_seeds":9,"minecraft:raw_gold":40,"minecraft:iron_ingot":28,"minecraft:oak_planks":14,"minecraft:dandelion":1,"minecraft:gravel":3,"minecraft:pumpkin_seeds":2,"minecraft:diamond":18,"minecraft:iron_helmet":3,"minecraft:granite":2,"minecraft:oak_sapling":136,"minecraft:melon_seeds":4,"minecraft:coal":114}},"DataVersion":3465}