{"stats":{"minecraft:killed":{"minecraft:cave_spider":1,"minecraft:spider":14,"minecraft:skeleton":32,"minecraft:chicken":5,"minecraft:silverfish":10,"samurai_dynasty:kitsune":1,"minecraft:pig":1,"minecraft:creeper":4,"minecraft:sheep":12,"minecraft:trader_llama":1,"minecraft:donkey":2,"minecraft:zombie":42,"minecraft:blaze":15,"minecraft:cow":4,"minecraft:slime":3,"minecraft:phantom":1,"minecraft:drowned":1,"minecraft:wandering_trader":1,"minecraft:enderman":117},"minecraft:mined":{"create:deepslate_zinc_ore":151,"minecraft:oak_sapling":26,"minecraft:white_bed":6,"minecraft:farmland":24,"samurai_dynasty:komainu_statue":1,"create:andesite_casing":22,"minecraft:sculk_vein":2,"minecraft:brewing_stand":3,"minecraft:obsidian":71,"minecraft:granite":274,"minecraft:grass_block":375,"minecraft:oak_pressure_plate":1,"minecraft:soul_soil":22,"minecraft:composter":1,"minecraft:spawner":1,"minecraft:oxeye_daisy":1,"minecraft:iron_ore":160,"minecraft:fire":15,"minecraft:cobbled_deepslate":20,"minecraft:anvil":1,"minecraft:deepslate_lapis_ore":7,"minecraft:fletching_table":3,"minecraft:azure_bluet":3,"minecraft:dirt_path":6,"minecraft:iron_bars":1,"create:mechanical_press":1,"minecraft:tripwire":1,"minecraft:deepslate_redstone_ore":42,"create:radial_chassis":1,"create:cogwheel":1,"minecraft:blackstone":10,"minecraft:torch":34,"minecraft:poppy":1,"minecraft:calcite":13,"minecraft:chest":15,"minecraft:cobblestone":66,"minecraft:nether_quartz_ore":53,"minecraft:oak_planks":247,"minecraft:sugar_cane":8,"minecraft:wall_torch":5,"minecraft:amethyst_block":2,"minecraft:pink_petals":1,"minecraft:seagrass":1,"create:portable_storage_interface":4,"samurai_dynasty:deepslate_silver_ore":45,"minecraft:birch_log":10,"minecraft:wheat":10,"samurai_dynasty:deepslate_jade_ore":11,"samurai_dynasty:deepslate_ruby_ore":47,"minecraft:stone_brick_stairs":1,"samurai_dynasty:silver_ore":4,"minecraft:grass":562,"minecraft:oak_log":1294,"create:hand_crank":4,"minecraft:dirt":286,"minecraft:sand":256,"minecraft:smooth_basalt":8,"minecraft:netherrack":994,"minecraft:deepslate":811,"create:crimsite":240,"minecraft:oak_leaves":1218,"create:zinc_ore":14,"minecraft:nether_gold_ore":24,"minecraft:tuff":84,"minecraft:mossy_cobblestone":17,"minecraft:deepslate_diamond_ore":21,"samurai_dynasty:deepslate_aquamarine_ore":23,"minecraft:oak_door":2,"minecraft:end_stone":277,"minecraft:nether_bricks":193,"minecraft:glow_lichen":1,"minecraft:lever":1,"create:depot":4,"minecraft:kelp":10,"minecraft:cartography_table":1,"samurai_dynasty:aquamarine_ore":8,"minecraft:oak_trapdoor":1,"minecraft:furnace":5,"minecraft:carrots":23,"minecraft:raw_gold_block":21,"minecraft:andesite":198,"samurai_dynasty:chiseled_pattern_spirit_stone_bricks":1,"minecraft:nether_brick_fence":27,"minecraft:bookshelf":187,"minecraft:potatoes":30,"minecraft:deepslate_iron_ore":48,"create:cart_assembler":1,"minecraft:rail":116,"create:chute":2,"minecraft:stripped_oak_log":2,"create:deployer":12,"minecraft:stone":3202,"samurai_dynasty:deepslate_onyx_ore":30,"minecraft:smithing_table":1,"minecraft:oak_slab":2,"minecraft:glass_pane":1,"minecraft:soul_sand":51,"minecraft:basalt":84,"minecraft:dandelion":7,"minecraft:oak_fence":5,"minecraft:crafting_table":11,"minecraft:cornflower":1,"minecraft:rose_bush":1,"minecraft:sculk_sensor":4,"minecraft:lectern":7,"create:water_wheel":2,"samurai_dynasty:jade_ore":10,"minecraft:copper_ore":19,"minecraft:tall_grass":107,"minecraft:deepslate_gold_ore":53,"minecraft:sculk":7,"minecraft:diorite":180,"create:mechanical_saw":1,"create:blaze_burner":1,"minecraft:white_carpet":2,"globalxp:xp_block":2,"minecraft:yellow_bed":2,"create:mechanical_bearing":4,"minecraft:coal_ore":259,"minecraft:gravel":506,"minecraft:cobweb":19,"minecraft:cracked_stone_bricks":1,"minecraft:stone_bricks":2,"minecraft:mossy_stone_bricks":2},"minecraft:broken":{"minecraft:shears":4,"minecraft:stone_pickaxe":1,"minecraft:stone_axe":4,"minecraft:wooden_axe":1,"minecraft:iron_axe":1,"minecraft:iron_pickaxe":2,"create:sand_paper":2},"minecraft:dropped":{"sophisticatedbackpacks:iron_backpack":3,"minecraft:iron_sword":2,"minecraft:oak_pressure_plate":3,"minecraft:oak_log":396,"minecraft:glow_ink_sac":3,"minecraft:ender_pearl":5,"minecraft:crafting_table":1,"minecraft:glow_berries":4,"minecraft:leather":4,"minecraft:chest_minecart":4,"create:crimsite":4,"minecraft:saddle":1,"samurai_dynasty:ruby":21,"minecraft:flint":5,"minecraft:emerald":62,"minecraft:dirt":314,"samurai_dynasty:kimono":1,"create:goggles":1,"minecraft:iron_pickaxe":8,"minecraft:white_wool":9,"minecraft:gold_ingot":3,"minecraft:bone":2,"minecraft:gravel":62,"minecraft:stone_axe":1,"minecraft:blackstone":10,"minecraft:cobbled_deepslate":74,"minecraft:black_carpet":11,"minecraft:wheat":31,"minecraft:obsidian":7,"minecraft:rotten_flesh":49,"samurai_dynasty:steel_ninja_helmet":1,"minecraft:oak_planks":536,"minecraft:end_stone":207,"minecraft:azure_bluet":2,"minecraft:carrot":88,"minecraft:leather_boots":1,"minecraft:hopper":7,"minecraft:melon_seeds":8,"minecraft:chest":8,"create:limestone":61,"minecraft:iron_bars":2,"globalxp:xp_block":1,"minecraft:arrow":5,"minecraft:oak_leaves":218,"minecraft:water_bucket":2,"minecraft:enchanted_book":2,"minecraft:iron_ingot":10,"minecraft:bread":2076,"create:rose_quartz":97,"minecraft:oak_slab":4,"minecraft:wheat_seeds":75,"samurai_dynasty:cloth":21,"minecraft:mossy_cobblestone":1,"minecraft:poisonous_potato":1,"minecraft:oak_fence":26,"minecraft:iron_helmet":4,"minecraft:cobblestone":1527,"minecraft:book":1,"minecraft:apple":3,"minecraft:granite":240,"minecraft:activator_rail":3,"minecraft:copper_ingot":65,"minecraft:coal":4,"minecraft:golden_apple":1,"minecraft:stick":41,"minecraft:oxeye_daisy":1,"minecraft:diorite":32,"minecraft:torch":47,"minecraft:rose_bush":4,"skilltree:gem":25,"minecraft:iron_leggings":2,"minecraft:oak_stairs":4,"minecraft:string":19,"minecraft:pink_petals":6,"minecraft:bucket":1,"create:sand_paper":2,"create:raw_zinc":1,"minecraft:dandelion":7,"minecraft:oak_trapdoor":11,"minecraft:stone_sword":2,"minecraft:tuff":37,"minecraft:raw_iron":2,"minecraft:white_carpet":186,"minecraft:iron_boots":3,"skilltree:iron_ring":4,"minecraft:ender_eye":1,"samurai_dynasty:katana":2,"minecraft:pumpkin_seeds":4,"minecraft:filled_map":1,"minecraft:shield":1,"minecraft:iron_chestplate":2,"minecraft:spruce_planks":1,"create:zinc_ingot":28,"minecraft:andesite":3,"minecraft:mossy_stone_bricks":2,"minecraft:oak_sapling":2,"minecraft:spider_eye":2,"minecraft:stone_bricks":3,"minecraft:bow":1,"waystones:waystone":1,"skilltree:golden_ring":2,"minecraft:black_wool":1},"minecraft:killed_by":{"minecraft:player":1},"minecraft:custom":{"minecraft:interact_with_crafting_table":182,"minecraft:leave_game":19,"minecraft:time_since_death":249608,"minecraft:sprint_one_cm":2499248,"minecraft:damage_blocked_by_shield":1550,"minecraft:drop":707,"minecraft:talked_to_villager":228,"minecraft:play_time":993967,"minecraft:deaths":3,"minecraft:jump":12853,"minecraft:walk_on_water_one_cm":84476,"minecraft:interact_with_furnace":163,"minecraft:traded_with_villager":242,"minecraft:sleep_in_bed":18,"minecraft:waystone_activated":4,"minecraft:open_enderchest":34,"minecraft:damage_dealt":34925,"minecraft:player_kills":2,"minecraft:crouch_one_cm":167100,"minecraft:interact_with_smithing_table":26,"minecraft:interact_with_anvil":21,"minecraft:mob_kills":272,"minecraft:climb_one_cm":1664,"minecraft:walk_one_cm":1484006,"minecraft:damage_dealt_absorbed":95,"minecraft:sneak_time":73290,"minecraft:walk_under_water_one_cm":56087,"minecraft:boat_one_cm":322301,"minecraft:interact_with_blast_furnace":203,"minecraft:total_world_time":993967,"minecraft:interact_with_grindstone":4,"minecraft:time_since_rest":118053,"minecraft:damage_taken":8277,"minecraft:damage_absorbed":27,"minecraft:swim_one_cm":138520,"minecraft:fly_one_cm":3591535,"minecraft:open_chest":625,"minecraft:fall_one_cm":365680},"minecraft:crafted":{"minecraft:smooth_stone":6,"minecraft:oak_planks":4896,"minecraft:cobblestone_slab":6,"globalxp:xp_block":1,"minecraft:blaze_powder":6,"minecraft:cooked_chicken":5,"samurai_dynasty:katana":3,"minecraft:stone":5,"minecraft:lever":1,"minecraft:diamond_shovel":1,"create:mechanical_bearing":1,"minecraft:bookshelf":5,"create:deployer":4,"minecraft:cooked_mutton":20,"minecraft:iron_bars":16,"create:radial_chassis":9,"minecraft:glass":2,"minecraft:bow":1,"create:cart_assembler":1,"create:mechanical_press":1,"minecraft:chest":12,"samurai_dynasty:ninja_leggings":1,"minecraft:stone_hoe":1,"minecraft:ender_eye":6,"create:cogwheel":3,"minecraft:oak_fence":69,"create:brass_hand":4,"minecraft:furnace_minecart":1,"minecraft:oak_slab":24,"create:depot":1,"minecraft:emerald":231,"create:rose_quartz":29,"samurai_dynasty:steel_ingot":14,"minecraft:cooked_porkchop":5,"minecraft:diamond_axe":1,"minecraft:crafting_table":6,"create:mechanical_saw":2,"skilltree:gem":8,"minecraft:wooden_pickaxe":1,"skilltree:iron_ring":6,"minecraft:smithing_table":1,"minecraft:copper_ingot":71,"create:sand_paper":3,"minecraft:fletching_table":4,"minecraft:birch_planks":20,"create:mechanical_mixer":1,"samurai_dynasty:katana_handle":1,"minecraft:lectern":3,"minecraft:book":5,"minecraft:paper":18,"minecraft:diamond_pickaxe":2,"create:water_wheel":2,"minecraft:shield":2,"create:portable_storage_interface":2,"skilltree:traveler_necklace":2,"create:super_glue":1,"samurai_dynasty:red_samurai_boots":3,"sophisticatedbackpacks:diamond_backpack":1,"minecraft:stick":7340,"minecraft:iron_ingot":309,"minecraft:iron_pickaxe":3,"minecraft:iron_block":7,"minecraft:stone_sword":1,"minecraft:gold_ingot":144,"create:clipboard":1,"minecraft:black_bed":7,"minecraft:shears":5,"create:empty_blaze_burner":3,"create:chute":16,"minecraft:wooden_sword":1,"create:wrench":1,"minecraft:iron_nugget":236,"minecraft:furnace":4,"minecraft:blast_furnace":2,"minecraft:bone_meal":174,"minecraft:white_carpet":12,"minecraft:oak_trapdoor":2,"minecraft:flint_and_steel":2,"minecraft:stone_pickaxe":2,"samurai_dynasty:red_samurai_helmet":3,"skilltree:golden_ring":3,"create:basin":1,"create:electron_tube":16,"minecraft:minecart":2,"minecraft:cooked_beef":15,"create:andesite_alloy":85,"create:hand_crank":1,"create:goggles":1,"create:large_water_wheel":1,"minecraft:bucket":3,"samurai_dynasty:cloth":32,"minecraft:stone_axe":5,"minecraft:enchanted_book":8,"minecraft:air":0,"create:whisk":1,"minecraft:golden_apple":3,"minecraft:gold_nugget":36,"minecraft:raw_gold":198,"samurai_dynasty:red_samurai_leggings":2,"samurai_dynasty:steel_ninja_helmet":1,"minecraft:wooden_axe":1,"minecraft:black_carpet":12,"minecraft:anvil":2,"samurai_dynasty:red_samurai_chestplate":3,"minecraft:white_bed":8,"create:shaft":24,"minecraft:torch":388,"skilltree:simple_necklace":1,"create:zinc_ingot":31},"minecraft:picked_up":{"minecraft:iron_chestplate":2,"minecraft:wheat":23,"minecraft:nether_brick_fence":27,"minecraft:anvil":1,"samurai_dynasty:diamond_samurai_leggings_master":1,"minecraft:smithing_table":1,"minecraft:oak_stairs":4,"minecraft:enchanted_book":3,"minecraft:stone_brick_stairs":1,"minecraft:brewing_stand":3,"samurai_dynasty:kimono":2,"skilltree:iron_ring":4,"minecraft:string":30,"minecraft:soul_soil":14,"minecraft:raw_copper":168,"create:limestone":122,"minecraft:bucket":1,"create:sand_paper":2,"create:water_wheel":2,"create:mechanical_press":1,"create:cart_assembler":1,"minecraft:gold_nugget":185,"minecraft:cobbled_deepslate":950,"minecraft:spruce_planks":1,"samurai_dynasty:raw_silver":54,"minecraft:rose_bush":4,"samurai_dynasty:onyx":33,"minecraft:iron_pickaxe":8,"minecraft:iron_boots":1,"minecraft:furnace":5,"minecraft:stick":3856,"samurai_dynasty:katana":5,"minecraft:composter":1,"minecraft:oak_fence":18,"minecraft:torch":323,"create:andesite_casing":22,"minecraft:porkchop":1,"minecraft:diorite":318,"minecraft:stone_sword":3,"minecraft:rotten_flesh":74,"skilltree:amnesia_scroll":1,"minecraft:blaze_rod":25,"minecraft:obsidian":78,"minecraft:iron_bars":2,"minecraft:cobblestone":6311,"minecraft:birch_log":5,"minecraft:pink_petals":6,"minecraft:feather":5,"minecraft:cooked_beef":9,"minecraft:water_bucket":5,"minecraft:andesite":188,"minecraft:potato":134,"minecraft:flint":222,"minecraft:tuff":48,"create:raw_zinc":349,"skilltree:gem":162,"minecraft:lapis_lazuli":144,"minecraft:dirt":1225,"minecraft:leather_boots":1,"samurai_dynasty:steel_ingot":7,"minecraft:name_tag":2,"minecraft:bone":70,"minecraft:bow":3,"minecraft:wheat_seeds":114,"minecraft:raw_gold":98,"samurai_dynasty:red_samurai_helmet":1,"create:goggles":2,"samurai_dynasty:diamond_samurai_helmet_master":1,"minecraft:mossy_stone_bricks":2,"minecraft:fletching_table":3,"minecraft:oak_planks":1387,"create:radial_chassis":1,"samurai_dynasty:tanuki_statue":1,"minecraft:cooked_porkchop":5,"create:cogwheel":1,"minecraft:oak_pressure_plate":4,"minecraft:poisonous_potato":1,"minecraft:sand":256,"sophisticatedbackpacks:iron_backpack":2,"minecraft:grass_block":3,"minecraft:mossy_cobblestone":16,"skilltree:traveler_necklace":1,"create:crimsite":464,"minecraft:diamond":50,"minecraft:lever":1,"waystones:waystone":3,"minecraft:granite":322,"minecraft:grass":10,"minecraft:golden_apple":9,"minecraft:emerald":78,"minecraft:bread":4112,"minecraft:oak_leaves":902,"minecraft:oak_sapling":878,"minecraft:netherrack":966,"samurai_dynasty:steel_ninja_helmet":1,"minecraft:diamond_pickaxe":5,"sophisticatedbackpacks:gold_backpack":3,"minecraft:crafting_table":12,"minecraft:azure_bluet":3,"minecraft:chicken":5,"minecraft:chest_minecart":4,"samurai_dynasty:kitsune_hide":1,"minecraft:shield":4,"minecraft:oak_trapdoor":1,"samurai_dynasty:komainu_statue":2,"minecraft:flint_and_steel":2,"minecraft:white_carpet":2,"create:chute":5,"minecraft:blackstone":10,"minecraft:cartography_table":1,"skilltree:golden_ring":2,"minecraft:beef":7,"minecraft:poppy":2,"minecraft:minecart":2,"minecraft:lectern":8,"minecraft:sugar_cane":24,"minecraft:chest":18,"minecraft:birch_sapling":1,"globalxp:xp_block":3,"samurai_dynasty:aquamarine":54,"minecraft:phantom_membrane":2,"minecraft:raw_iron":440,"minecraft:end_stone":389,"minecraft:raw_gold_block":22,"minecraft:oak_door":2,"create:golden_sheet":2,"minecraft:copper_ingot":21,"create:hand_crank":5,"minecraft:carrot":110,"minecraft:redstone":251,"samurai_dynasty:diamond_samurai_boots_master":1,"samurai_dynasty:ninja_leggings":3,"create:deployer":12,"samurai_dynasty:chiseled_pattern_spirit_stone_bricks":1,"minecraft:arrow":52,"samurai_dynasty:diamond_samurai_chestplate_master":1,"minecraft:nether_bricks":193,"create:depot":4,"samurai_dynasty:red_samurai_leggings":1,"minecraft:saddle":1,"minecraft:gold_ingot":18,"minecraft:mutton":18,"minecraft:rail":111,"minecraft:white_wool":48,"minecraft:oxeye_daisy":1,"samurai_dynasty:kitsune_tail":2,"minecraft:stripped_oak_log":2,"minecraft:basalt":76,"minecraft:glow_ink_sac":6,"samurai_dynasty:ruby":70,"minecraft:leather":23,"samurai_dynasty:jade":52,"minecraft:oak_log":1582,"minecraft:yellow_bed":5,"minecraft:gunpowder":4,"create:blaze_burner":1,"skilltree:scholar_necklace":1,"minecraft:cooked_mutton":4,"minecraft:apple":67,"minecraft:stone_bricks":1,"minecraft:kelp":10,"minecraft:iron_ingot":75,"minecraft:cooked_chicken":2,"minecraft:soul_sand":24,"sophisticatedbackpacks:diamond_backpack":1,"create:mechanical_saw":1,"minecraft:book":562,"minecraft:oak_slab":4,"create:mechanical_bearing":4,"minecraft:quartz":121,"minecraft:dandelion":8,"samurai_dynasty:red_samurai_chestplate":1,"minecraft:gravel":261,"minecraft:lava_bucket":3,"minecraft:white_bed":6,"minecraft:spider_eye":5,"minecraft:diamond_shovel":1,"minecraft:pumpkin_seeds":2,"minecraft:slime_ball":7,"samurai_dynasty:red_samurai_boots":1,"minecraft:iron_helmet":5,"minecraft:diamond_axe":1,"create:rose_quartz":80,"create:portable_storage_interface":4,"minecraft:melon_seeds":4,"minecraft:black_wool":30,"minecraft:coal":493,"minecraft:ender_pearl":27},"minecraft:used":{"create:deployer":19,"minecraft:black_carpet":7,"create:portable_storage_interface":6,"minecraft:shield":38,"minecraft:chest":24,"minecraft:iron_sword":70,"create:mechanical_bearing":5,"minecraft:mutton":2,"samurai_dynasty:katana":531,"create:cogwheel":4,"minecraft:carrot":26,"create:depot":5,"minecraft:obsidian":11,"minecraft:lava_bucket":45,"minecraft:stone_brick_stairs":1,"minecraft:oak_sapling":54,"minecraft:furnace":6,"minecraft:potato":115,"samurai_dynasty:red_samurai_chestplate":2,"minecraft:stone_pickaxe":166,"minecraft:oak_planks":615,"minecraft:ender_pearl":2,"minecraft:wooden_pickaxe":10,"minecraft:composter":1,"minecraft:diamond_axe":1403,"create:mechanical_saw":3,"minecraft:oak_leaves":557,"minecraft:golden_apple":2,"samurai_dynasty:ninja_leggings":17,"minecraft:blast_furnace":2,"minecraft:black_bed":7,"minecraft:end_stone":168,"minecraft:shears":952,"waystones:waystone":3,"samurai_dynasty:chiseled_pattern_spirit_stone_bricks":1,"minecraft:lever":1,"minecraft:string":2,"minecraft:bread":246,"minecraft:lectern":11,"minecraft:deepslate":2,"minecraft:oak_pressure_plate":1,"minecraft:gravel":190,"minecraft:wooden_sword":5,"create:basin":1,"globalxp:xp_block":5,"minecraft:smithing_table":1,"minecraft:oak_trapdoor":1,"create:clipboard":6,"minecraft:bone_meal":72,"minecraft:oak_fence":61,"sophisticatedbackpacks:iron_backpack":1,"minecraft:iron_bars":1,"minecraft:stone_sword":102,"minecraft:flint_and_steel":7,"samurai_dynasty:steel_ninja_helmet":2,"minecraft:ender_chest":6,"samurai_dynasty:red_samurai_boots":2,"minecraft:stone_hoe":80,"minecraft:netherrack":97,"minecraft:torch":428,"minecraft:brewing_stand":4,"minecraft:dirt":442,"minecraft:anvil":3,"minecraft:hopper":2,"minecraft:white_carpet":6,"create:mechanical_mixer":1,"minecraft:granite":2,"create:chute":7,"minecraft:wooden_axe":64,"minecraft:bookshelf":2,"create:wrench":64,"minecraft:iron_axe":12,"minecraft:iron_boots":1,"create:cart_assembler":1,"create:radial_chassis":4,"samurai_dynasty:red_samurai_leggings":16,"minecraft:minecart":3,"minecraft:cobbled_deepslate":334,"minecraft:wheat_seeds":10,"minecraft:water_bucket":139,"samurai_dynasty:red_samurai_helmet":3,"minecraft:birch_planks":1,"minecraft:fletching_table":7,"minecraft:cobblestone_slab":2,"create:blaze_burner":2,"minecraft:mossy_cobblestone":1,"minecraft:crafting_table":14,"minecraft:rail":4,"minecraft:oak_slab":2,"minecraft:white_bed":13,"minecraft:oak_log":25,"minecraft:ender_eye":13,"minecraft:diamond_pickaxe":7513,"minecraft:apple":6,"minecraft:diamond_shovel":486,"create:mechanical_press":2,"minecraft:iron_pickaxe":674,"create:water_wheel":3,"minecraft:stone_axe":620,"minecraft:cobblestone":1085,"minecraft:porkchop":1,"minecraft:cooked_porkchop":5,"minecraft:bucket":186,"create:hand_crank":6,"minecraft:yellow_bed":3,"minecraft:dandelion":1}},"DataVersion":3465}