{"stats":{"minecraft:killed":{"minecraft:cave_spider":1,"minecraft:spider":12,"minecraft:skeleton":21,"minecraft:chicken":5,"samurai_dynasty:kitsune":1,"minecraft:pig":1,"minecraft:creeper":4,"minecraft:sheep":12,"minecraft:trader_llama":1,"minecraft:zombie":29,"minecraft:donkey":2,"minecraft:blaze":15,"minecraft:cow":4,"minecraft:slime":3,"minecraft:wandering_trader":1,"minecraft:enderman":2},"minecraft:crafted":{"minecraft:oak_planks":4448,"minecraft:smooth_stone":6,"minecraft:cobblestone_slab":6,"minecraft:cooked_chicken":5,"samurai_dynasty:katana":1,"minecraft:stone":5,"minecraft:lever":1,"minecraft:diamond_shovel":1,"minecraft:bookshelf":5,"create:deployer":1,"minecraft:cooked_mutton":20,"create:cart_assembler":1,"create:mechanical_press":1,"samurai_dynasty:ninja_leggings":1,"minecraft:stone_hoe":1,"create:cogwheel":3,"minecraft:oak_fence":69,"create:brass_hand":4,"minecraft:furnace_minecart":1,"create:depot":1,"minecraft:oak_slab":18,"create:rose_quartz":1,"minecraft:emerald":207,"samurai_dynasty:steel_ingot":14,"minecraft:cooked_porkchop":5,"minecraft:diamond_axe":1,"minecraft:crafting_table":5,"minecraft:wooden_pickaxe":1,"skilltree:iron_ring":2,"minecraft:copper_ingot":48,"create:sand_paper":3,"minecraft:fletching_table":4,"minecraft:birch_planks":20,"create:mechanical_mixer":1,"samurai_dynasty:katana_handle":1,"minecraft:lectern":3,"minecraft:book":5,"minecraft:paper":18,"minecraft:diamond_pickaxe":1,"minecraft:shield":2,"create:super_glue":1,"skilltree:traveler_necklace":1,"samurai_dynasty:red_samurai_boots":1,"sophisticatedbackpacks:diamond_backpack":1,"minecraft:stick":6472,"minecraft:iron_ingot":149,"minecraft:iron_pickaxe":3,"minecraft:iron_block":4,"minecraft:stone_sword":1,"minecraft:gold_ingot":144,"minecraft:black_bed":7,"minecraft:shears":1,"create:empty_blaze_burner":3,"minecraft:wooden_sword":1,"create:wrench":1,"minecraft:iron_nugget":236,"minecraft:furnace":4,"minecraft:blast_furnace":2,"minecraft:bone_meal":27,"minecraft:flint_and_steel":2,"minecraft:stone_pickaxe":2,"samurai_dynasty:red_samurai_helmet":1,"skilltree:golden_ring":2,"create:basin":1,"create:electron_tube":1,"minecraft:minecart":2,"minecraft:cooked_beef":15,"create:andesite_alloy":85,"create:hand_crank":1,"minecraft:bucket":3,"samurai_dynasty:cloth":32,"minecraft:stone_axe":5,"minecraft:enchanted_book":5,"minecraft:air":0,"create:whisk":1,"minecraft:golden_apple":3,"minecraft:gold_nugget":36,"minecraft:raw_gold":198,"samurai_dynasty:red_samurai_leggings":1,"samurai_dynasty:steel_ninja_helmet":1,"minecraft:wooden_axe":1,"samurai_dynasty:red_samurai_chestplate":1,"minecraft:anvil":1,"minecraft:white_bed":8,"create:shaft":24,"minecraft:torch":284,"skilltree:simple_necklace":1,"create:zinc_ingot":31},"minecraft:killed_by":{"minecraft:player":1},"minecraft:mined":{"create:deepslate_zinc_ore":3,"minecraft:white_bed":6,"minecraft:oak_sapling":2,"samurai_dynasty:komainu_statue":1,"minecraft:farmland":24,"create:andesite_casing":22,"minecraft:sculk_vein":2,"minecraft:brewing_stand":3,"minecraft:obsidian":70,"minecraft:granite":3,"minecraft:grass_block":341,"minecraft:soul_soil":22,"minecraft:composter":1,"minecraft:oxeye_daisy":1,"minecraft:iron_ore":74,"minecraft:cobbled_deepslate":16,"minecraft:fire":15,"minecraft:fletching_table":3,"minecraft:anvil":1,"minecraft:azure_bluet":1,"minecraft:dirt_path":6,"create:mechanical_press":1,"minecraft:tripwire":1,"minecraft:deepslate_redstone_ore":4,"create:cogwheel":1,"minecraft:blackstone":10,"minecraft:torch":2,"minecraft:poppy":1,"minecraft:calcite":13,"minecraft:chest":4,"minecraft:nether_quartz_ore":53,"minecraft:cobblestone":31,"minecraft:sugar_cane":8,"minecraft:oak_planks":147,"minecraft:wall_torch":3,"minecraft:amethyst_block":2,"minecraft:pink_petals":1,"minecraft:seagrass":1,"minecraft:birch_log":10,"minecraft:wheat":10,"samurai_dynasty:deepslate_silver_ore":39,"samurai_dynasty:deepslate_jade_ore":8,"samurai_dynasty:deepslate_ruby_ore":32,"samurai_dynasty:silver_ore":4,"minecraft:grass":553,"minecraft:oak_log":1185,"create:hand_crank":2,"minecraft:sand":256,"minecraft:dirt":62,"minecraft:smooth_basalt":8,"minecraft:netherrack":994,"minecraft:oak_leaves":131,"minecraft:deepslate":238,"minecraft:nether_gold_ore":24,"create:zinc_ore":14,"minecraft:tuff":47,"minecraft:mossy_cobblestone":17,"samurai_dynasty:deepslate_aquamarine_ore":8,"minecraft:deepslate_diamond_ore":15,"minecraft:oak_door":2,"minecraft:nether_bricks":193,"minecraft:glow_lichen":1,"minecraft:lever":1,"create:depot":4,"minecraft:cartography_table":1,"minecraft:kelp":10,"samurai_dynasty:aquamarine_ore":8,"minecraft:furnace":5,"minecraft:carrots":23,"minecraft:raw_gold_block":21,"minecraft:andesite":185,"samurai_dynasty:chiseled_pattern_spirit_stone_bricks":1,"minecraft:nether_brick_fence":27,"minecraft:bookshelf":2,"minecraft:potatoes":30,"minecraft:deepslate_iron_ore":32,"create:cart_assembler":1,"minecraft:rail":96,"minecraft:stripped_oak_log":2,"minecraft:stone":639,"samurai_dynasty:deepslate_onyx_ore":26,"minecraft:smithing_table":1,"minecraft:oak_slab":2,"minecraft:glass_pane":1,"minecraft:soul_sand":51,"minecraft:basalt":84,"minecraft:dandelion":6,"minecraft:oak_fence":5,"minecraft:crafting_table":11,"minecraft:cornflower":1,"minecraft:rose_bush":1,"minecraft:sculk_sensor":4,"minecraft:lectern":7,"samurai_dynasty:jade_ore":4,"minecraft:copper_ore":9,"minecraft:tall_grass":106,"minecraft:deepslate_gold_ore":21,"minecraft:sculk":7,"minecraft:diorite":16,"create:blaze_burner":1,"minecraft:white_carpet":2,"minecraft:yellow_bed":2,"minecraft:coal_ore":177,"minecraft:gravel":278,"minecraft:cobweb":6},"minecraft:custom":{"minecraft:interact_with_crafting_table":132,"minecraft:leave_game":12,"minecraft:time_since_death":345425,"minecraft:sprint_one_cm":1686521,"minecraft:damage_blocked_by_shield":1260,"minecraft:drop":575,"minecraft:talked_to_villager":181,"minecraft:play_time":557034,"minecraft:deaths":2,"minecraft:jump":8569,"minecraft:walk_on_water_one_cm":36479,"minecraft:interact_with_furnace":144,"minecraft:traded_with_villager":215,"minecraft:sleep_in_bed":14,"minecraft:waystone_activated":2,"minecraft:damage_dealt":22613,"minecraft:player_kills":2,"minecraft:crouch_one_cm":49572,"minecraft:mob_kills":116,"minecraft:interact_with_anvil":11,"minecraft:climb_one_cm":630,"minecraft:walk_one_cm":739935,"minecraft:sneak_time":21153,"minecraft:walk_under_water_one_cm":16334,"minecraft:boat_one_cm":87651,"minecraft:interact_with_blast_furnace":158,"minecraft:total_world_time":557034,"minecraft:interact_with_grindstone":3,"minecraft:time_since_rest":36611,"minecraft:damage_taken":5074,"minecraft:damage_absorbed":14,"minecraft:swim_one_cm":36247,"minecraft:fly_one_cm":1971759,"minecraft:open_chest":363,"minecraft:fall_one_cm":264175},"minecraft:used":{"minecraft:chest":5,"minecraft:shield":33,"minecraft:mutton":2,"create:cogwheel":4,"samurai_dynasty:katana":329,"minecraft:carrot":26,"create:depot":5,"minecraft:obsidian":11,"minecraft:lava_bucket":20,"minecraft:oak_sapling":51,"minecraft:furnace":6,"minecraft:potato":115,"minecraft:stone_pickaxe":166,"minecraft:oak_planks":571,"minecraft:wooden_pickaxe":10,"minecraft:composter":1,"minecraft:diamond_axe":920,"minecraft:oak_leaves":1,"samurai_dynasty:ninja_leggings":8,"minecraft:golden_apple":1,"minecraft:blast_furnace":2,"minecraft:black_bed":7,"waystones:waystone":2,"samurai_dynasty:chiseled_pattern_spirit_stone_bricks":1,"minecraft:lever":1,"minecraft:string":2,"minecraft:bread":149,"minecraft:lectern":11,"minecraft:gravel":135,"minecraft:wooden_sword":5,"create:basin":1,"minecraft:bone_meal":27,"minecraft:oak_fence":61,"minecraft:stone_sword":102,"minecraft:flint_and_steel":7,"samurai_dynasty:steel_ninja_helmet":2,"minecraft:netherrack":86,"minecraft:stone_hoe":80,"minecraft:torch":342,"minecraft:brewing_stand":3,"minecraft:dirt":249,"minecraft:anvil":2,"create:mechanical_mixer":1,"minecraft:white_carpet":6,"minecraft:granite":2,"minecraft:wooden_axe":64,"minecraft:bookshelf":2,"minecraft:iron_axe":12,"minecraft:iron_boots":1,"create:cart_assembler":1,"samurai_dynasty:red_samurai_leggings":6,"minecraft:minecart":1,"minecraft:cobbled_deepslate":285,"minecraft:wheat_seeds":10,"minecraft:water_bucket":93,"samurai_dynasty:red_samurai_helmet":1,"minecraft:birch_planks":1,"minecraft:fletching_table":7,"minecraft:cobblestone_slab":2,"create:blaze_burner":2,"minecraft:mossy_cobblestone":1,"minecraft:rail":3,"minecraft:oak_slab":2,"minecraft:crafting_table":13,"minecraft:white_bed":13,"minecraft:oak_log":24,"minecraft:diamond_pickaxe":2861,"minecraft:apple":5,"minecraft:diamond_shovel":439,"create:mechanical_press":2,"minecraft:iron_pickaxe":424,"minecraft:stone_axe":620,"minecraft:cobblestone":138,"minecraft:porkchop":1,"minecraft:cooked_porkchop":5,"minecraft:bucket":116,"minecraft:yellow_bed":3,"create:hand_crank":4},"minecraft:picked_up":{"minecraft:iron_chestplate":2,"minecraft:wheat":16,"minecraft:nether_brick_fence":27,"minecraft:anvil":1,"minecraft:smithing_table":1,"minecraft:oak_stairs":4,"minecraft:enchanted_book":2,"minecraft:brewing_stand":3,"samurai_dynasty:kimono":2,"skilltree:iron_ring":1,"minecraft:string":16,"minecraft:soul_soil":14,"minecraft:raw_copper":71,"create:limestone":122,"create:mechanical_press":1,"minecraft:cobbled_deepslate":373,"create:cart_assembler":1,"minecraft:gold_nugget":185,"minecraft:rose_bush":4,"samurai_dynasty:raw_silver":40,"samurai_dynasty:onyx":28,"minecraft:iron_pickaxe":7,"minecraft:furnace":5,"minecraft:iron_boots":1,"minecraft:stick":3600,"samurai_dynasty:katana":3,"minecraft:composter":1,"minecraft:oak_fence":18,"minecraft:torch":219,"create:andesite_casing":22,"minecraft:porkchop":1,"minecraft:diorite":25,"minecraft:stone_sword":3,"minecraft:rotten_flesh":41,"minecraft:blaze_rod":25,"minecraft:obsidian":77,"minecraft:cobblestone":640,"minecraft:birch_log":5,"minecraft:pink_petals":6,"minecraft:feather":5,"minecraft:cooked_beef":9,"minecraft:water_bucket":3,"minecraft:andesite":185,"minecraft:potato":134,"minecraft:flint":124,"minecraft:tuff":3,"create:raw_zinc":32,"skilltree:gem":102,"minecraft:lapis_lazuli":26,"minecraft:dirt":517,"samurai_dynasty:steel_ingot":7,"minecraft:name_tag":2,"minecraft:bone":38,"minecraft:wheat_seeds":114,"minecraft:raw_gold":40,"minecraft:fletching_table":3,"minecraft:oak_planks":1234,"samurai_dynasty:tanuki_statue":1,"minecraft:cooked_porkchop":5,"create:cogwheel":1,"minecraft:sand":256,"minecraft:poisonous_potato":1,"minecraft:grass_block":2,"minecraft:mossy_cobblestone":16,"create:crimsite":6,"minecraft:diamond":34,"minecraft:lever":1,"waystones:waystone":3,"minecraft:granite":4,"minecraft:grass":10,"minecraft:golden_apple":6,"minecraft:emerald":76,"minecraft:bread":2435,"minecraft:oak_sapling":553,"minecraft:netherrack":966,"samurai_dynasty:steel_ninja_helmet":1,"minecraft:diamond_pickaxe":2,"sophisticatedbackpacks:gold_backpack":2,"minecraft:crafting_table":11,"minecraft:azure_bluet":1,"minecraft:chicken":5,"minecraft:chest_minecart":4,"samurai_dynasty:kitsune_hide":1,"minecraft:shield":2,"samurai_dynasty:komainu_statue":2,"minecraft:flint_and_steel":2,"minecraft:white_carpet":2,"minecraft:blackstone":10,"minecraft:cartography_table":1,"minecraft:beef":7,"minecraft:poppy":2,"minecraft:lectern":8,"minecraft:minecart":1,"minecraft:sugar_cane":24,"minecraft:chest":8,"minecraft:birch_sapling":1,"samurai_dynasty:aquamarine":19,"minecraft:raw_iron":202,"minecraft:raw_gold_block":22,"minecraft:oak_door":2,"minecraft:copper_ingot":20,"create:golden_sheet":2,"create:hand_crank":3,"minecraft:carrot":110,"minecraft:redstone":23,"samurai_dynasty:ninja_leggings":2,"samurai_dynasty:chiseled_pattern_spirit_stone_bricks":1,"minecraft:arrow":18,"minecraft:nether_bricks":193,"create:depot":4,"minecraft:saddle":1,"minecraft:gold_ingot":18,"minecraft:mutton":18,"minecraft:white_wool":48,"minecraft:rail":96,"minecraft:oxeye_daisy":1,"minecraft:stripped_oak_log":2,"samurai_dynasty:kitsune_tail":2,"minecraft:basalt":76,"minecraft:glow_ink_sac":3,"samurai_dynasty:ruby":39,"minecraft:leather":23,"samurai_dynasty:jade":21,"minecraft:oak_log":1348,"minecraft:yellow_bed":5,"minecraft:gunpowder":4,"create:blaze_burner":1,"minecraft:cooked_mutton":4,"minecraft:apple":62,"minecraft:kelp":10,"minecraft:iron_ingot":74,"minecraft:cooked_chicken":2,"minecraft:soul_sand":24,"minecraft:book":7,"minecraft:oak_slab":4,"minecraft:quartz":121,"minecraft:dandelion":5,"minecraft:gravel":143,"minecraft:lava_bucket":2,"minecraft:white_bed":6,"minecraft:spider_eye":4,"minecraft:pumpkin_seeds":2,"minecraft:slime_ball":7,"minecraft:iron_helmet":5,"minecraft:black_wool":30,"minecraft:melon_seeds":4,"minecraft:coal":306,"minecraft:ender_pearl":3},"minecraft:broken":{"minecraft:stone_pickaxe":1,"minecraft:stone_axe":4,"minecraft:wooden_axe":1,"minecraft:iron_axe":1,"minecraft:iron_pickaxe":1},"minecraft:dropped":{"minecraft:oak_log":273,"minecraft:glow_ink_sac":3,"minecraft:glow_berries":4,"minecraft:leather":4,"minecraft:chest_minecart":4,"create:crimsite":4,"minecraft:saddle":1,"samurai_dynasty:ruby":18,"minecraft:emerald":62,"minecraft:dirt":3,"samurai_dynasty:kimono":1,"minecraft:iron_pickaxe":4,"minecraft:white_wool":9,"minecraft:gold_ingot":3,"minecraft:bone":1,"minecraft:gravel":6,"minecraft:stone_axe":1,"minecraft:blackstone":10,"minecraft:cobbled_deepslate":1,"minecraft:wheat":31,"minecraft:obsidian":7,"samurai_dynasty:steel_ninja_helmet":1,"minecraft:rotten_flesh":27,"minecraft:oak_planks":519,"minecraft:carrot":88,"minecraft:melon_seeds":8,"create:limestone":61,"minecraft:chest":4,"minecraft:water_bucket":1,"minecraft:enchanted_book":1,"minecraft:iron_ingot":9,"minecraft:bread":1543,"create:rose_quartz":1,"minecraft:oak_slab":4,"minecraft:wheat_seeds":75,"samurai_dynasty:cloth":21,"minecraft:mossy_cobblestone":1,"minecraft:poisonous_potato":1,"minecraft:oak_fence":26,"minecraft:iron_helmet":2,"minecraft:cobblestone":3,"minecraft:book":1,"minecraft:granite":2,"minecraft:copper_ingot":64,"minecraft:stick":24,"minecraft:oxeye_daisy":1,"minecraft:diorite":25,"minecraft:rose_bush":4,"skilltree:gem":12,"minecraft:oak_stairs":4,"minecraft:string":6,"minecraft:pink_petals":6,"minecraft:bucket":1,"create:raw_zinc":1,"minecraft:dandelion":5,"minecraft:stone_sword":2,"minecraft:raw_iron":2,"minecraft:iron_boots":1,"skilltree:iron_ring":2,"samurai_dynasty:katana":1,"minecraft:pumpkin_seeds":4,"minecraft:shield":1,"create:zinc_ingot":28,"minecraft:oak_sapling":2,"minecraft:spider_eye":2,"waystones:waystone":1,"skilltree:golden_ring":1}},"DataVersion":3465}