{"stats":{"minecraft:dropped":{"minecraft:water_bucket":1,"minecraft:iron_ingot":9,"minecraft:bread":1250,"samurai_dynasty:cloth":21,"minecraft:wheat_seeds":9,"minecraft:oak_log":209,"minecraft:iron_helmet":2,"minecraft:leather":2,"minecraft:chest_minecart":4,"minecraft:granite":2,"create:crimsite":4,"minecraft:stick":3,"minecraft:dirt":3,"minecraft:diorite":18,"minecraft:rose_bush":4,"skilltree:gem":4,"samurai_dynasty:kimono":1,"minecraft:iron_pickaxe":4,"minecraft:string":3,"minecraft:white_wool":9,"minecraft:bucket":1,"create:raw_zinc":1,"minecraft:dandelion":1,"minecraft:gold_ingot":3,"minecraft:gravel":3,"minecraft:stone_axe":1,"minecraft:stone_sword":1,"minecraft:obsidian":7,"minecraft:raw_iron":2,"minecraft:rotten_flesh":4,"minecraft:oak_planks":12,"minecraft:iron_boots":1,"samurai_dynasty:katana":1,"minecraft:pumpkin_seeds":2,"minecraft:shield":1,"minecraft:melon_seeds":4,"create:limestone":61,"minecraft:chest":4},"minecraft:custom":{"minecraft:mob_kills":42,"minecraft:interact_with_crafting_table":49,"minecraft:leave_game":11,"minecraft:time_since_death":6145,"minecraft:sprint_one_cm":613385,"minecraft:walk_one_cm":240772,"minecraft:damage_blocked_by_shield":350,"minecraft:drop":71,"minecraft:talked_to_villager":12,"minecraft:play_time":217754,"minecraft:deaths":2,"minecraft:sneak_time":11320,"minecraft:walk_under_water_one_cm":13731,"minecraft:boat_one_cm":87651,"minecraft:jump":3196,"minecraft:interact_with_blast_furnace":85,"minecraft:walk_on_water_one_cm":15654,"minecraft:total_world_time":217754,"minecraft:interact_with_furnace":89,"minecraft:traded_with_villager":25,"minecraft:sleep_in_bed":5,"minecraft:waystone_activated":1,"minecraft:time_since_rest":6173,"minecraft:damage_taken":2080,"minecraft:damage_dealt":7121,"minecraft:swim_one_cm":24256,"minecraft:fly_one_cm":755821,"minecraft:player_kills":2,"minecraft:open_chest":159,"minecraft:crouch_one_cm":21354,"minecraft:fall_one_cm":107291},"minecraft:mined":{"create:deepslate_zinc_ore":2,"minecraft:oak_sapling":2,"minecraft:white_bed":3,"minecraft:deepslate_diamond_ore":12,"minecraft:oak_door":2,"minecraft:sculk_vein":2,"minecraft:granite":1,"minecraft:grass_block":2,"minecraft:kelp":10,"minecraft:furnace":5,"minecraft:fire":5,"minecraft:iron_ore":44,"minecraft:cobbled_deepslate":1,"minecraft:fletching_table":1,"minecraft:azure_bluet":1,"minecraft:deepslate_iron_ore":7,"minecraft:rail":69,"minecraft:stone":140,"samurai_dynasty:deepslate_onyx_ore":11,"minecraft:smithing_table":1,"minecraft:deepslate_redstone_ore":4,"minecraft:glass_pane":1,"minecraft:oak_fence":4,"minecraft:crafting_table":10,"minecraft:torch":2,"minecraft:chest":4,"minecraft:rose_bush":1,"minecraft:sculk_sensor":4,"minecraft:tall_grass":28,"minecraft:cobblestone":17,"minecraft:deepslate_gold_ore":21,"minecraft:oak_planks":5,"minecraft:sugar_cane":2,"minecraft:sculk":7,"minecraft:diorite":9,"minecraft:seagrass":1,"minecraft:birch_log":5,"samurai_dynasty:deepslate_ruby_ore":13,"minecraft:yellow_bed":1,"minecraft:grass":53,"minecraft:coal_ore":100,"minecraft:oak_log":577,"minecraft:gravel":20,"minecraft:dirt":7,"minecraft:cobweb":6,"minecraft:oak_leaves":36,"minecraft:deepslate":197},"minecraft:crafted":{"minecraft:wooden_sword":1,"minecraft:smooth_stone":6,"minecraft:oak_planks":2208,"minecraft:cobblestone_slab":6,"minecraft:cooked_chicken":2,"samurai_dynasty:katana":1,"minecraft:furnace":3,"minecraft:blast_furnace":2,"minecraft:stone":5,"minecraft:cooked_mutton":4,"minecraft:flint_and_steel":1,"minecraft:stone_pickaxe":2,"samurai_dynasty:ninja_leggings":1,"minecraft:cooked_beef":9,"minecraft:emerald":25,"samurai_dynasty:steel_ingot":14,"minecraft:cooked_porkchop":5,"minecraft:crafting_table":3,"minecraft:wooden_pickaxe":1,"minecraft:fletching_table":1,"minecraft:bucket":3,"samurai_dynasty:cloth":28,"minecraft:stone_axe":5,"minecraft:air":0,"samurai_dynasty:katana_handle":1,"minecraft:diamond_pickaxe":1,"minecraft:golden_apple":2,"minecraft:gold_nugget":9,"minecraft:shield":2,"minecraft:stick":2320,"minecraft:iron_ingot":63,"minecraft:iron_pickaxe":3,"minecraft:wooden_axe":1,"minecraft:stone_sword":1,"minecraft:gold_ingot":36,"minecraft:torch":180},"minecraft:used":{"minecraft:oak_fence":4,"minecraft:stone_sword":102,"minecraft:flint_and_steel":6,"minecraft:chest":5,"minecraft:shield":10,"minecraft:torch":146,"minecraft:dirt":5,"minecraft:mutton":2,"samurai_dynasty:katana":47,"minecraft:wooden_axe":64,"minecraft:iron_axe":12,"minecraft:iron_boots":1,"minecraft:oak_sapling":51,"minecraft:furnace":6,"minecraft:cobbled_deepslate":19,"minecraft:water_bucket":19,"minecraft:stone_pickaxe":166,"minecraft:oak_planks":17,"minecraft:wooden_pickaxe":10,"minecraft:fletching_table":2,"minecraft:cobblestone_slab":2,"minecraft:oak_leaves":1,"samurai_dynasty:ninja_leggings":1,"minecraft:crafting_table":10,"minecraft:blast_furnace":2,"minecraft:white_bed":2,"waystones:waystone":1,"minecraft:diamond_pickaxe":60,"minecraft:apple":5,"minecraft:bread":45,"minecraft:string":2,"minecraft:iron_pickaxe":424,"minecraft:gravel":9,"minecraft:stone_axe":620,"minecraft:wooden_sword":5,"minecraft:cobblestone":126,"minecraft:porkchop":1,"minecraft:bucket":22,"minecraft:yellow_bed":1},"minecraft:killed":{"minecraft:cave_spider":1,"minecraft:spider":3,"minecraft:skeleton":7,"minecraft:chicken":5,"minecraft:pig":1,"minecraft:creeper":2,"minecraft:sheep":7,"minecraft:donkey":2,"minecraft:zombie":10,"minecraft:cow":4},"minecraft:broken":{"minecraft:stone_pickaxe":1,"minecraft:iron_axe":1,"minecraft:stone_axe":4,"minecraft:iron_pickaxe":1,"minecraft:wooden_axe":1},"minecraft:killed_by":{"minecraft:player":1},"minecraft:picked_up":{"minecraft:iron_chestplate":2,"sophisticatedbackpacks:gold_backpack":2,"minecraft:crafting_table":10,"minecraft:wheat":3,"minecraft:azure_bluet":1,"minecraft:chicken":5,"minecraft:chest_minecart":4,"minecraft:smithing_table":1,"minecraft:enchanted_book":2,"minecraft:shield":2,"samurai_dynasty:kimono":2,"minecraft:string":9,"create:limestone":122,"minecraft:flint_and_steel":2,"minecraft:gold_nugget":6,"minecraft:cobbled_deepslate":317,"minecraft:beef":7,"minecraft:rose_bush":4,"samurai_dynasty:onyx":11,"minecraft:poppy":2,"minecraft:iron_pickaxe":7,"minecraft:sugar_cane":12,"minecraft:chest":8,"minecraft:birch_sapling":1,"minecraft:iron_boots":1,"minecraft:furnace":5,"minecraft:stick":1741,"minecraft:raw_iron":104,"samurai_dynasty:katana":3,"minecraft:oak_door":2,"minecraft:oak_fence":4,"minecraft:torch":206,"minecraft:porkchop":1,"minecraft:diorite":18,"minecraft:redstone":23,"samurai_dynasty:ninja_leggings":2,"minecraft:stone_sword":3,"minecraft:arrow":6,"minecraft:rotten_flesh":11,"minecraft:gold_ingot":18,"minecraft:mutton":11,"minecraft:obsidian":7,"minecraft:rail":69,"minecraft:white_wool":11,"minecraft:cobblestone":176,"minecraft:birch_log":5,"minecraft:feather":5,"minecraft:cooked_beef":9,"samurai_dynasty:ruby":20,"minecraft:water_bucket":3,"minecraft:leather":19,"minecraft:potato":3,"minecraft:flint":4,"create:raw_zinc":1,"minecraft:oak_log":762,"minecraft:yellow_bed":3,"minecraft:lapis_lazuli":26,"skilltree:gem":45,"minecraft:dirt":36,"samurai_dynasty:steel_ingot":7,"minecraft:name_tag":2,"minecraft:cooked_mutton":4,"minecraft:bone":25,"minecraft:apple":35,"minecraft:kelp":10,"minecraft:wheat_seeds":13,"minecraft:raw_gold":40,"minecraft:iron_ingot":43,"minecraft:cooked_chicken":2,"minecraft:fletching_table":1,"minecraft:oak_planks":1160,"minecraft:cooked_porkchop":5,"minecraft:dandelion":1,"minecraft:lava_bucket":2,"minecraft:gravel":35,"minecraft:white_bed":3,"minecraft:spider_eye":2,"minecraft:pumpkin_seeds":2,"create:crimsite":6,"minecraft:diamond":31,"waystones:waystone":1,"minecraft:iron_helmet":5,"minecraft:granite":2,"minecraft:golden_apple":6,"minecraft:bread":2435,"minecraft:oak_sapling":320,"minecraft:melon_seeds":4,"minecraft:coal":122,"minecraft:diamond_pickaxe":2}},"DataVersion":3465}