{"stats":{"minecraft:killed":{"minecraft:cave_spider":1,"minecraft:spider":15,"minecraft:skeleton":36,"minecraft:chicken":5,"minecraft:silverfish":10,"samurai_dynasty:kitsune":1,"minecraft:pig":1,"minecraft:zombie_villager":1,"minecraft:creeper":4,"minecraft:sheep":12,"minecraft:trader_llama":1,"minecraft:donkey":2,"minecraft:zombie":50,"minecraft:blaze":15,"minecraft:cow":7,"minecraft:slime":3,"minecraft:phantom":1,"minecraft:drowned":1,"minecraft:wandering_trader":1,"minecraft:enderman":1238},"minecraft:crafted":{"minecraft:smooth_stone":6,"minecraft:oak_planks":13636,"minecraft:cobblestone_slab":6,"globalxp:xp_block":3,"minecraft:blaze_powder":6,"minecraft:cooked_chicken":5,"samurai_dynasty:katana":3,"minecraft:stone":5,"minecraft:lever":1,"sophisticatedbackpacks:crafting_upgrade":1,"minecraft:diamond_shovel":1,"create:mechanical_bearing":1,"minecraft:bookshelf":5,"create:deployer":4,"minecraft:cooked_mutton":20,"minecraft:iron_bars":32,"create:radial_chassis":9,"minecraft:glass":22,"minecraft:bow":1,"sophisticatedbackpacks:tank_upgrade":1,"create:cart_assembler":1,"create:mechanical_press":1,"minecraft:chest":13,"minecraft:copper_block":6,"samurai_dynasty:ninja_leggings":1,"minecraft:stone_hoe":1,"minecraft:ender_eye":6,"create:cogwheel":4,"minecraft:oak_fence":69,"create:brass_hand":4,"minecraft:furnace_minecart":1,"minecraft:oak_slab":24,"create:depot":1,"create:rose_quartz":29,"minecraft:emerald":692,"samurai_dynasty:steel_ingot":14,"minecraft:cooked_porkchop":5,"minecraft:diamond_axe":1,"minecraft:crafting_table":8,"create:mechanical_saw":2,"skilltree:gem":8,"minecraft:wooden_pickaxe":1,"skilltree:iron_ring":6,"minecraft:smithing_table":1,"minecraft:copper_ingot":71,"create:sand_paper":3,"minecraft:fletching_table":86,"minecraft:birch_planks":20,"create:mechanical_mixer":1,"sophisticatedbackpacks:upgrade_base":3,"samurai_dynasty:katana_handle":1,"minecraft:lectern":3,"minecraft:book":5,"minecraft:paper":18,"minecraft:diamond_pickaxe":2,"create:water_wheel":2,"minecraft:shield":2,"create:portable_storage_interface":2,"skilltree:traveler_necklace":2,"create:super_glue":1,"samurai_dynasty:red_samurai_boots":3,"sophisticatedbackpacks:diamond_backpack":1,"minecraft:stick":21712,"minecraft:iron_ingot":312,"minecraft:iron_pickaxe":3,"minecraft:iron_block":13,"minecraft:stone_sword":1,"minecraft:gold_ingot":144,"minecraft:black_bed":8,"create:clipboard":1,"minecraft:shears":6,"create:empty_blaze_burner":3,"create:chute":16,"minecraft:wooden_sword":1,"create:wrench":1,"minecraft:iron_nugget":236,"minecraft:furnace":4,"minecraft:blast_furnace":2,"minecraft:bone_meal":174,"minecraft:white_carpet":12,"minecraft:oak_trapdoor":2,"minecraft:flint_and_steel":2,"minecraft:stone_pickaxe":2,"samurai_dynasty:red_samurai_helmet":3,"skilltree:golden_ring":3,"create:basin":1,"create:electron_tube":16,"minecraft:minecart":3,"minecraft:cooked_beef":15,"create:andesite_alloy":85,"create:hand_crank":1,"create:goggles":1,"create:large_water_wheel":1,"minecraft:bucket":3,"samurai_dynasty:cloth":32,"minecraft:stone_axe":5,"minecraft:enchanted_book":26,"minecraft:air":0,"create:whisk":1,"minecraft:golden_apple":3,"minecraft:gold_nugget":36,"minecraft:raw_gold":198,"samurai_dynasty:red_samurai_leggings":2,"samurai_dynasty:steel_ninja_helmet":1,"minecraft:wooden_axe":1,"minecraft:black_carpet":12,"minecraft:anvil":4,"samurai_dynasty:red_samurai_chestplate":3,"minecraft:white_bed":12,"create:shaft":24,"minecraft:torch":388,"create:zinc_ingot":31,"skilltree:simple_necklace":1},"minecraft:killed_by":{"minecraft:player":1},"minecraft:mined":{"create:deepslate_zinc_ore":159,"minecraft:oak_sapling":57,"minecraft:white_bed":6,"minecraft:farmland":24,"samurai_dynasty:komainu_statue":1,"create:andesite_casing":22,"minecraft:sculk_vein":2,"minecraft:brewing_stand":3,"minecraft:obsidian":71,"minecraft:granite":274,"minecraft:grass_block":534,"minecraft:oak_pressure_plate":1,"minecraft:soul_soil":22,"minecraft:composter":1,"minecraft:oxeye_daisy":1,"minecraft:spawner":1,"minecraft:iron_ore":160,"minecraft:fire":15,"minecraft:cobbled_deepslate":27,"minecraft:anvil":1,"minecraft:deepslate_lapis_ore":7,"minecraft:fletching_table":3,"minecraft:azure_bluet":3,"minecraft:dirt_path":6,"minecraft:iron_bars":1,"create:mechanical_press":1,"minecraft:tripwire":1,"minecraft:deepslate_redstone_ore":42,"create:radial_chassis":1,"create:cogwheel":1,"minecraft:blackstone":10,"minecraft:torch":34,"minecraft:blast_furnace":2,"minecraft:poppy":1,"minecraft:calcite":13,"minecraft:chest":16,"minecraft:cobblestone":155,"minecraft:nether_quartz_ore":56,"minecraft:oak_planks":252,"minecraft:sugar_cane":8,"minecraft:grindstone":1,"minecraft:wall_torch":5,"minecraft:amethyst_block":2,"minecraft:pink_petals":1,"minecraft:seagrass":1,"create:portable_storage_interface":5,"samurai_dynasty:deepslate_silver_ore":45,"minecraft:birch_log":10,"minecraft:wheat":10,"samurai_dynasty:deepslate_jade_ore":17,"samurai_dynasty:deepslate_ruby_ore":55,"minecraft:stone_brick_stairs":1,"samurai_dynasty:silver_ore":4,"minecraft:grass":564,"minecraft:oak_log":1364,"create:hand_crank":4,"minecraft:dirt":477,"minecraft:sand":256,"minecraft:smooth_basalt":8,"minecraft:netherrack":1128,"minecraft:deepslate":866,"create:crimsite":240,"minecraft:oak_leaves":1347,"create:zinc_ore":14,"minecraft:nether_gold_ore":24,"minecraft:tuff":94,"minecraft:mossy_cobblestone":17,"minecraft:deepslate_diamond_ore":24,"samurai_dynasty:deepslate_aquamarine_ore":23,"minecraft:oak_door":2,"minecraft:end_stone":283,"minecraft:nether_bricks":193,"minecraft:glow_lichen":1,"minecraft:lever":3,"create:depot":4,"minecraft:kelp":10,"minecraft:cartography_table":1,"samurai_dynasty:aquamarine_ore":8,"minecraft:oak_trapdoor":2,"minecraft:furnace":5,"minecraft:carrots":23,"minecraft:raw_gold_block":21,"minecraft:andesite":198,"samurai_dynasty:chiseled_pattern_spirit_stone_bricks":1,"minecraft:nether_brick_fence":27,"minecraft:bookshelf":187,"minecraft:potatoes":30,"minecraft:deepslate_iron_ore":48,"create:cart_assembler":2,"minecraft:rail":116,"create:chute":3,"minecraft:stripped_oak_log":2,"create:deployer":12,"minecraft:stone":3202,"samurai_dynasty:deepslate_onyx_ore":34,"minecraft:smithing_table":2,"minecraft:oak_slab":2,"minecraft:glass_pane":1,"minecraft:soul_sand":51,"minecraft:basalt":84,"minecraft:dandelion":7,"minecraft:oak_fence":5,"minecraft:crafting_table":11,"minecraft:cornflower":1,"minecraft:rose_bush":1,"minecraft:sculk_sensor":4,"minecraft:lectern":8,"create:water_wheel":4,"samurai_dynasty:jade_ore":10,"minecraft:copper_ore":19,"minecraft:tall_grass":108,"minecraft:deepslate_gold_ore":53,"minecraft:sculk":7,"minecraft:diorite":180,"create:mechanical_saw":1,"create:blaze_burner":1,"minecraft:white_carpet":2,"globalxp:xp_block":2,"minecraft:yellow_bed":2,"create:mechanical_bearing":4,"minecraft:coal_ore":259,"minecraft:gravel":506,"minecraft:cobweb":19,"minecraft:cracked_stone_bricks":1,"minecraft:stone_bricks":2,"minecraft:mossy_stone_bricks":2},"minecraft:custom":{"minecraft:interact_with_crafting_table":202,"minecraft:leave_game":22,"minecraft:time_since_death":390814,"minecraft:sprint_one_cm":2856065,"minecraft:damage_blocked_by_shield":1750,"minecraft:drop":719,"minecraft:talked_to_villager":317,"minecraft:play_time":1135173,"minecraft:deaths":3,"minecraft:jump":14977,"minecraft:walk_on_water_one_cm":88546,"minecraft:interact_with_furnace":172,"minecraft:traded_with_villager":721,"minecraft:sleep_in_bed":23,"minecraft:waystone_activated":5,"minecraft:open_enderchest":34,"minecraft:damage_dealt":51620,"minecraft:player_kills":2,"minecraft:crouch_one_cm":175349,"minecraft:interact_with_smithing_table":26,"minecraft:interact_with_anvil":45,"minecraft:mob_kills":1411,"minecraft:inspect_hopper":1,"minecraft:damage_dealt_resisted":561,"minecraft:climb_one_cm":1664,"minecraft:walk_one_cm":1796169,"minecraft:damage_dealt_absorbed":135,"minecraft:sneak_time":77486,"minecraft:walk_under_water_one_cm":59376,"minecraft:boat_one_cm":322301,"minecraft:interact_with_blast_furnace":209,"minecraft:total_world_time":1135173,"minecraft:interact_with_grindstone":6,"minecraft:time_since_rest":23597,"minecraft:damage_taken":9498,"minecraft:damage_absorbed":27,"minecraft:swim_one_cm":139299,"minecraft:fly_one_cm":3932455,"minecraft:open_chest":725,"minecraft:fall_one_cm":397301},"minecraft:used":{"create:deployer":31,"sophisticatedbackpacks:copper_backpack":2,"create:portable_storage_interface":9,"minecraft:black_carpet":7,"minecraft:shield":41,"minecraft:chest":37,"minecraft:iron_sword":70,"create:mechanical_bearing":5,"minecraft:mutton":2,"samurai_dynasty:katana":1054,"create:cogwheel":5,"create:minecart_contraption":3,"minecraft:carrot":26,"create:depot":5,"minecraft:obsidian":11,"minecraft:lava_bucket":45,"minecraft:grass_block":7,"minecraft:stone_brick_stairs":1,"minecraft:oak_sapling":54,"minecraft:furnace":6,"minecraft:potato":115,"samurai_dynasty:red_samurai_chestplate":2,"minecraft:stone_pickaxe":166,"minecraft:oak_planks":620,"minecraft:ender_pearl":7,"minecraft:wooden_pickaxe":10,"minecraft:composter":1,"minecraft:diamond_axe":1495,"minecraft:golden_apple":2,"create:mechanical_saw":5,"minecraft:oak_leaves":557,"samurai_dynasty:ninja_leggings":20,"minecraft:blast_furnace":4,"minecraft:black_bed":8,"minecraft:end_stone":168,"minecraft:shears":952,"waystones:waystone":3,"samurai_dynasty:chiseled_pattern_spirit_stone_bricks":1,"minecraft:lever":4,"sophisticatedbackpacks:backpack":9,"minecraft:deepslate":2,"minecraft:string":2,"minecraft:bread":283,"minecraft:lectern":13,"minecraft:oak_pressure_plate":1,"minecraft:gravel":190,"create:basin":1,"minecraft:wooden_sword":5,"globalxp:xp_block":7,"minecraft:grindstone":1,"minecraft:smithing_table":2,"minecraft:oak_fence":61,"create:clipboard":6,"minecraft:oak_trapdoor":3,"minecraft:bone_meal":72,"sophisticatedbackpacks:iron_backpack":4,"minecraft:iron_bars":1,"minecraft:stone_sword":102,"minecraft:flint_and_steel":7,"samurai_dynasty:steel_ninja_helmet":2,"minecraft:ender_chest":6,"samurai_dynasty:red_samurai_boots":2,"minecraft:stone_hoe":80,"minecraft:netherrack":97,"minecraft:torch":546,"minecraft:brewing_stand":4,"minecraft:dirt":674,"minecraft:anvil":5,"minecraft:white_carpet":6,"minecraft:hopper":2,"create:mechanical_mixer":1,"minecraft:granite":2,"create:chute":14,"minecraft:wooden_axe":64,"minecraft:bookshelf":2,"create:wrench":90,"minecraft:iron_axe":12,"minecraft:iron_boots":1,"create:cart_assembler":4,"create:radial_chassis":6,"samurai_dynasty:red_samurai_leggings":20,"minecraft:minecart":5,"minecraft:cobbled_deepslate":336,"minecraft:wheat_seeds":10,"minecraft:water_bucket":155,"samurai_dynasty:red_samurai_helmet":4,"minecraft:birch_planks":1,"minecraft:fletching_table":12,"minecraft:cobblestone_slab":2,"create:blaze_burner":2,"minecraft:mossy_cobblestone":1,"minecraft:crafting_table":15,"minecraft:rail":7,"minecraft:oak_slab":2,"minecraft:white_bed":17,"minecraft:oak_log":25,"minecraft:ender_eye":13,"minecraft:diamond_pickaxe":7855,"minecraft:apple":6,"minecraft:diamond_shovel":802,"create:mechanical_press":2,"minecraft:iron_pickaxe":674,"create:water_wheel":6,"minecraft:stone_axe":620,"minecraft:cobblestone":1216,"minecraft:porkchop":1,"minecraft:cooked_porkchop":5,"minecraft:bucket":202,"create:hand_crank":6,"minecraft:yellow_bed":3,"minecraft:dandelion":1},"minecraft:picked_up":{"minecraft:iron_chestplate":2,"minecraft:wheat":23,"minecraft:nether_brick_fence":27,"minecraft:anvil":1,"samurai_dynasty:diamond_samurai_leggings_master":1,"minecraft:smithing_table":2,"minecraft:oak_stairs":4,"minecraft:enchanted_book":3,"minecraft:stone_brick_stairs":1,"minecraft:brewing_stand":3,"samurai_dynasty:kimono":2,"skilltree:iron_ring":4,"minecraft:string":41,"minecraft:soul_soil":14,"minecraft:raw_copper":168,"create:limestone":122,"create:sand_paper":2,"create:water_wheel":4,"minecraft:spruce_planks":1,"minecraft:gold_nugget":185,"create:cart_assembler":4,"create:mechanical_press":1,"minecraft:cobbled_deepslate":1012,"minecraft:bucket":1,"minecraft:rose_bush":4,"samurai_dynasty:raw_silver":54,"samurai_dynasty:onyx":44,"minecraft:iron_pickaxe":8,"minecraft:iron_boots":1,"minecraft:furnace":5,"minecraft:stick":3869,"samurai_dynasty:katana":5,"minecraft:composter":1,"minecraft:oak_fence":18,"minecraft:torch":332,"create:andesite_casing":22,"minecraft:porkchop":1,"minecraft:diorite":318,"minecraft:stone_sword":3,"minecraft:rotten_flesh":80,"skilltree:amnesia_scroll":1,"minecraft:blaze_rod":25,"minecraft:obsidian":78,"minecraft:iron_bars":2,"minecraft:cobblestone":6400,"minecraft:birch_log":5,"minecraft:pink_petals":6,"minecraft:feather":5,"minecraft:cooked_beef":21,"minecraft:water_bucket":5,"minecraft:andesite":188,"minecraft:potato":134,"minecraft:flint":222,"minecraft:tuff":58,"create:raw_zinc":393,"skilltree:gem":164,"minecraft:lapis_lazuli":144,"minecraft:dirt":1580,"samurai_dynasty:steel_ingot":7,"minecraft:name_tag":2,"minecraft:leather_boots":1,"minecraft:bone":75,"minecraft:bow":3,"minecraft:wheat_seeds":114,"minecraft:raw_gold":98,"minecraft:grindstone":1,"samurai_dynasty:red_samurai_helmet":1,"create:goggles":2,"minecraft:mossy_stone_bricks":2,"samurai_dynasty:diamond_samurai_helmet_master":1,"minecraft:fletching_table":3,"minecraft:oak_planks":6400,"create:radial_chassis":1,"samurai_dynasty:tanuki_statue":1,"minecraft:cooked_porkchop":5,"create:cogwheel":1,"minecraft:oak_pressure_plate":4,"minecraft:poisonous_potato":1,"minecraft:sand":256,"minecraft:grass_block":3,"sophisticatedbackpacks:iron_backpack":3,"minecraft:mossy_cobblestone":16,"skilltree:traveler_necklace":1,"create:crimsite":464,"minecraft:diamond":58,"minecraft:lever":4,"waystones:waystone":3,"minecraft:granite":322,"minecraft:grass":10,"minecraft:golden_apple":9,"minecraft:bread":4112,"minecraft:emerald":78,"minecraft:oak_sapling":1192,"minecraft:netherrack":1100,"minecraft:oak_leaves":902,"samurai_dynasty:steel_ninja_helmet":1,"minecraft:diamond_pickaxe":5,"sophisticatedbackpacks:gold_backpack":3,"minecraft:crafting_table":12,"minecraft:azure_bluet":3,"minecraft:chicken":5,"minecraft:chest_minecart":4,"samurai_dynasty:kitsune_hide":1,"minecraft:shield":4,"minecraft:cornflower":2,"minecraft:oak_trapdoor":3,"samurai_dynasty:komainu_statue":2,"minecraft:flint_and_steel":2,"minecraft:white_carpet":2,"create:chute":6,"minecraft:blackstone":10,"minecraft:cartography_table":1,"skilltree:golden_ring":2,"minecraft:beef":7,"minecraft:poppy":2,"minecraft:lectern":10,"minecraft:minecart":4,"minecraft:sugar_cane":24,"minecraft:chest":19,"minecraft:birch_sapling":1,"minecraft:phantom_membrane":2,"globalxp:xp_block":3,"samurai_dynasty:aquamarine":54,"minecraft:raw_iron":442,"minecraft:end_stone":391,"minecraft:raw_gold_block":22,"minecraft:oak_door":2,"create:golden_sheet":2,"minecraft:copper_ingot":21,"sophisticatedbackpacks:backpack":1,"create:hand_crank":5,"minecraft:carrot":110,"minecraft:redstone":251,"samurai_dynasty:diamond_samurai_boots_master":1,"create:deployer":12,"samurai_dynasty:ninja_leggings":3,"samurai_dynasty:chiseled_pattern_spirit_stone_bricks":1,"samurai_dynasty:diamond_samurai_chestplate_master":1,"minecraft:arrow":57,"minecraft:nether_bricks":193,"create:depot":4,"samurai_dynasty:red_samurai_leggings":1,"minecraft:saddle":1,"minecraft:gold_ingot":18,"sophisticatedbackpacks:copper_backpack":1,"minecraft:mutton":18,"minecraft:white_wool":61,"minecraft:rail":114,"minecraft:oxeye_daisy":2,"minecraft:stripped_oak_log":2,"samurai_dynasty:kitsune_tail":2,"minecraft:basalt":76,"minecraft:glow_ink_sac":6,"samurai_dynasty:ruby":87,"minecraft:leather":30,"samurai_dynasty:jade":62,"minecraft:oak_log":1649,"minecraft:yellow_bed":5,"minecraft:gunpowder":4,"create:blaze_burner":1,"skilltree:scholar_necklace":1,"minecraft:cooked_mutton":4,"minecraft:apple":70,"minecraft:stone_bricks":1,"minecraft:kelp":10,"minecraft:iron_ingot":76,"minecraft:cooked_chicken":2,"minecraft:soul_sand":24,"sophisticatedbackpacks:diamond_backpack":1,"create:mechanical_saw":1,"minecraft:book":562,"minecraft:oak_slab":4,"create:mechanical_bearing":4,"minecraft:quartz":121,"minecraft:dandelion":8,"samurai_dynasty:red_samurai_chestplate":2,"minecraft:gravel":268,"minecraft:lava_bucket":3,"minecraft:blast_furnace":2,"minecraft:white_bed":6,"minecraft:spider_eye":6,"minecraft:diamond_shovel":1,"minecraft:pumpkin_seeds":2,"minecraft:slime_ball":7,"samurai_dynasty:red_samurai_boots":1,"minecraft:iron_helmet":5,"minecraft:diamond_axe":1,"create:rose_quartz":80,"create:portable_storage_interface":5,"minecraft:melon_seeds":4,"minecraft:black_wool":39,"minecraft:coal":493,"minecraft:ender_pearl":223},"minecraft:broken":{"minecraft:shears":4,"minecraft:stone_pickaxe":1,"minecraft:stone_axe":4,"minecraft:wooden_axe":1,"minecraft:iron_axe":1,"minecraft:iron_pickaxe":2,"create:sand_paper":2},"minecraft:dropped":{"sophisticatedbackpacks:iron_backpack":3,"minecraft:iron_sword":4,"minecraft:oak_pressure_plate":3,"minecraft:oak_log":397,"minecraft:glow_ink_sac":3,"minecraft:ender_pearl":5,"minecraft:crafting_table":1,"minecraft:glow_berries":4,"minecraft:leather":4,"minecraft:chest_minecart":4,"create:crimsite":4,"minecraft:saddle":1,"samurai_dynasty:ruby":21,"minecraft:emerald":62,"minecraft:flint":5,"minecraft:dirt":314,"minecraft:cornflower":1,"samurai_dynasty:kimono":1,"create:goggles":1,"minecraft:iron_pickaxe":8,"minecraft:white_wool":9,"minecraft:gold_ingot":3,"minecraft:bone":3,"minecraft:gravel":69,"minecraft:stone_axe":1,"minecraft:blackstone":10,"minecraft:cobbled_deepslate":74,"minecraft:black_carpet":11,"minecraft:wheat":31,"minecraft:obsidian":7,"minecraft:rotten_flesh":53,"samurai_dynasty:steel_ninja_helmet":1,"minecraft:oak_planks":536,"minecraft:end_stone":207,"minecraft:azure_bluet":2,"minecraft:carrot":88,"minecraft:melon_seeds":8,"minecraft:hopper":7,"minecraft:leather_boots":1,"create:limestone":61,"minecraft:chest":8,"globalxp:xp_block":1,"minecraft:iron_bars":2,"minecraft:arrow":5,"minecraft:oak_leaves":218,"minecraft:water_bucket":2,"minecraft:enchanted_book":2,"minecraft:iron_ingot":10,"minecraft:bread":2076,"create:rose_quartz":97,"minecraft:oak_slab":4,"minecraft:wheat_seeds":75,"samurai_dynasty:cloth":21,"minecraft:mossy_cobblestone":1,"minecraft:poisonous_potato":1,"minecraft:oak_fence":26,"minecraft:iron_helmet":4,"minecraft:cobblestone":1527,"minecraft:book":1,"minecraft:apple":3,"minecraft:granite":240,"minecraft:activator_rail":3,"minecraft:copper_ingot":65,"minecraft:coal":4,"minecraft:golden_apple":1,"minecraft:stick":41,"minecraft:oxeye_daisy":1,"minecraft:diorite":32,"minecraft:torch":47,"minecraft:rose_bush":4,"skilltree:gem":25,"minecraft:iron_leggings":2,"minecraft:oak_stairs":4,"minecraft:string":21,"minecraft:pink_petals":6,"minecraft:bucket":1,"create:sand_paper":2,"create:raw_zinc":23,"minecraft:dandelion":7,"minecraft:oak_trapdoor":11,"minecraft:stone_sword":2,"minecraft:tuff":37,"minecraft:raw_iron":2,"minecraft:white_carpet":186,"minecraft:iron_boots":3,"skilltree:iron_ring":4,"minecraft:ender_eye":1,"samurai_dynasty:katana":2,"minecraft:pumpkin_seeds":4,"minecraft:filled_map":1,"minecraft:shield":1,"minecraft:spruce_planks":1,"create:zinc_ingot":28,"minecraft:iron_chestplate":2,"minecraft:andesite":3,"minecraft:mossy_stone_bricks":2,"minecraft:oak_sapling":2,"minecraft:stone_bricks":3,"minecraft:spider_eye":4,"minecraft:bow":1,"waystones:waystone":1,"skilltree:golden_ring":2,"minecraft:black_wool":1}},"DataVersion":3465}