{"stats":{"minecraft:dropped":{"minecraft:oak_log":209,"minecraft:glow_ink_sac":3,"minecraft:leather":4,"minecraft:chest_minecart":4,"create:crimsite":4,"minecraft:saddle":1,"samurai_dynasty:ruby":18,"minecraft:emerald":55,"minecraft:dirt":3,"samurai_dynasty:kimono":1,"minecraft:iron_pickaxe":4,"minecraft:white_wool":9,"minecraft:gold_ingot":3,"minecraft:gravel":6,"minecraft:stone_axe":1,"minecraft:wheat":17,"minecraft:obsidian":7,"minecraft:rotten_flesh":4,"minecraft:oak_planks":12,"minecraft:melon_seeds":4,"minecraft:chest":4,"create:limestone":61,"minecraft:enchanted_book":1,"minecraft:water_bucket":1,"minecraft:iron_ingot":9,"minecraft:bread":1375,"minecraft:wheat_seeds":9,"samurai_dynasty:cloth":21,"minecraft:oak_fence":26,"minecraft:iron_helmet":2,"minecraft:cobblestone":3,"minecraft:book":1,"minecraft:granite":2,"minecraft:stick":3,"minecraft:diorite":18,"minecraft:rose_bush":4,"skilltree:gem":4,"minecraft:string":3,"minecraft:bucket":1,"create:raw_zinc":1,"minecraft:dandelion":1,"minecraft:stone_sword":2,"minecraft:raw_iron":2,"minecraft:iron_boots":1,"skilltree:iron_ring":2,"samurai_dynasty:katana":1,"minecraft:pumpkin_seeds":2,"minecraft:shield":1,"skilltree:golden_ring":1},"minecraft:custom":{"minecraft:interact_with_crafting_table":107,"minecraft:leave_game":11,"minecraft:time_since_death":145362,"minecraft:sprint_one_cm":1010638,"minecraft:damage_blocked_by_shield":840,"minecraft:drop":223,"minecraft:talked_to_villager":39,"minecraft:play_time":356971,"minecraft:deaths":2,"minecraft:jump":5445,"minecraft:walk_on_water_one_cm":25081,"minecraft:interact_with_furnace":133,"minecraft:traded_with_villager":100,"minecraft:sleep_in_bed":9,"minecraft:waystone_activated":1,"minecraft:damage_dealt":13718,"minecraft:player_kills":2,"minecraft:crouch_one_cm":33986,"minecraft:interact_with_anvil":5,"minecraft:mob_kills":72,"minecraft:walk_one_cm":456660,"minecraft:sneak_time":15445,"minecraft:walk_under_water_one_cm":14201,"minecraft:boat_one_cm":87651,"minecraft:interact_with_blast_furnace":130,"minecraft:total_world_time":356971,"minecraft:time_since_rest":9907,"minecraft:damage_taken":3188,"minecraft:swim_one_cm":27184,"minecraft:fly_one_cm":1241725,"minecraft:open_chest":282,"minecraft:fall_one_cm":173448},"minecraft:mined":{"create:deepslate_zinc_ore":3,"minecraft:white_bed":5,"minecraft:oak_sapling":2,"minecraft:farmland":24,"samurai_dynasty:komainu_statue":1,"create:andesite_casing":22,"minecraft:sculk_vein":2,"minecraft:brewing_stand":2,"minecraft:obsidian":3,"minecraft:granite":3,"minecraft:grass_block":63,"minecraft:composter":1,"minecraft:cobbled_deepslate":9,"minecraft:iron_ore":74,"minecraft:fire":5,"minecraft:fletching_table":3,"minecraft:anvil":1,"minecraft:azure_bluet":1,"minecraft:dirt_path":5,"minecraft:deepslate_redstone_ore":4,"minecraft:torch":2,"minecraft:calcite":13,"minecraft:chest":4,"minecraft:cobblestone":20,"minecraft:sugar_cane":5,"minecraft:oak_planks":140,"minecraft:wall_torch":3,"minecraft:amethyst_block":2,"minecraft:seagrass":1,"minecraft:wheat":1,"minecraft:birch_log":5,"samurai_dynasty:deepslate_silver_ore":39,"samurai_dynasty:deepslate_jade_ore":8,"samurai_dynasty:deepslate_ruby_ore":32,"samurai_dynasty:silver_ore":4,"minecraft:grass":124,"minecraft:oak_log":605,"minecraft:dirt":19,"minecraft:smooth_basalt":8,"minecraft:oak_leaves":36,"minecraft:deepslate":224,"minecraft:tuff":3,"minecraft:mossy_cobblestone":17,"minecraft:deepslate_diamond_ore":15,"samurai_dynasty:deepslate_aquamarine_ore":8,"minecraft:oak_door":2,"minecraft:kelp":10,"minecraft:cartography_table":1,"samurai_dynasty:aquamarine_ore":8,"minecraft:furnace":5,"minecraft:carrots":5,"minecraft:raw_gold_block":21,"minecraft:andesite":170,"samurai_dynasty:chiseled_pattern_spirit_stone_bricks":1,"minecraft:bookshelf":1,"minecraft:potatoes":8,"minecraft:deepslate_iron_ore":29,"create:cart_assembler":1,"minecraft:rail":89,"minecraft:stripped_oak_log":2,"minecraft:stone":161,"samurai_dynasty:deepslate_onyx_ore":24,"minecraft:smithing_table":1,"minecraft:glass_pane":1,"minecraft:oak_fence":5,"minecraft:crafting_table":11,"minecraft:rose_bush":1,"minecraft:sculk_sensor":4,"minecraft:lectern":1,"samurai_dynasty:jade_ore":4,"minecraft:tall_grass":71,"minecraft:deepslate_gold_ore":21,"minecraft:sculk":7,"minecraft:diorite":9,"minecraft:white_carpet":2,"minecraft:yellow_bed":2,"minecraft:coal_ore":121,"minecraft:gravel":56,"minecraft:cobweb":6},"minecraft:crafted":{"minecraft:oak_planks":2216,"minecraft:smooth_stone":6,"minecraft:cobblestone_slab":6,"minecraft:cooked_chicken":5,"samurai_dynasty:katana":1,"minecraft:stone":5,"minecraft:lever":1,"minecraft:diamond_shovel":1,"minecraft:bookshelf":3,"minecraft:cooked_mutton":20,"create:cart_assembler":1,"create:mechanical_press":1,"samurai_dynasty:ninja_leggings":1,"minecraft:stone_hoe":1,"create:cogwheel":1,"minecraft:oak_fence":69,"minecraft:furnace_minecart":1,"create:depot":1,"minecraft:oak_slab":12,"minecraft:emerald":97,"samurai_dynasty:steel_ingot":14,"minecraft:cooked_porkchop":5,"minecraft:diamond_axe":1,"minecraft:crafting_table":5,"minecraft:wooden_pickaxe":1,"skilltree:iron_ring":2,"minecraft:fletching_table":2,"minecraft:birch_planks":20,"samurai_dynasty:katana_handle":1,"minecraft:lectern":2,"minecraft:book":5,"minecraft:paper":15,"minecraft:diamond_pickaxe":1,"minecraft:shield":2,"skilltree:traveler_necklace":1,"samurai_dynasty:red_samurai_boots":1,"minecraft:stick":3080,"minecraft:iron_pickaxe":3,"minecraft:iron_ingot":142,"minecraft:iron_block":4,"minecraft:stone_sword":1,"minecraft:gold_ingot":144,"minecraft:black_bed":3,"minecraft:shears":1,"minecraft:wooden_sword":1,"create:wrench":1,"minecraft:iron_nugget":218,"minecraft:furnace":4,"minecraft:blast_furnace":2,"minecraft:flint_and_steel":1,"minecraft:stone_pickaxe":2,"samurai_dynasty:red_samurai_helmet":1,"skilltree:golden_ring":2,"minecraft:minecart":2,"minecraft:cooked_beef":15,"create:andesite_alloy":85,"create:hand_crank":1,"minecraft:bucket":3,"samurai_dynasty:cloth":28,"minecraft:stone_axe":5,"minecraft:enchanted_book":2,"minecraft:air":0,"minecraft:golden_apple":3,"minecraft:gold_nugget":36,"minecraft:raw_gold":198,"samurai_dynasty:red_samurai_leggings":1,"minecraft:wooden_axe":1,"samurai_dynasty:red_samurai_chestplate":1,"minecraft:anvil":1,"minecraft:white_bed":5,"create:shaft":8,"minecraft:torch":284,"skilltree:simple_necklace":1},"minecraft:used":{"minecraft:chest":5,"minecraft:shield":22,"minecraft:mutton":2,"samurai_dynasty:katana":154,"minecraft:carrot":26,"create:depot":1,"minecraft:lava_bucket":5,"minecraft:furnace":6,"minecraft:oak_sapling":51,"minecraft:potato":27,"minecraft:stone_pickaxe":166,"minecraft:oak_planks":566,"minecraft:wooden_pickaxe":10,"minecraft:composter":1,"minecraft:diamond_axe":223,"minecraft:oak_leaves":1,"samurai_dynasty:ninja_leggings":2,"minecraft:blast_furnace":2,"minecraft:black_bed":2,"waystones:waystone":1,"samurai_dynasty:chiseled_pattern_spirit_stone_bricks":1,"minecraft:lever":1,"minecraft:bread":75,"minecraft:string":2,"minecraft:lectern":3,"minecraft:gravel":31,"minecraft:wooden_sword":5,"minecraft:oak_fence":61,"minecraft:stone_sword":102,"minecraft:flint_and_steel":6,"minecraft:stone_hoe":80,"minecraft:torch":255,"minecraft:brewing_stand":2,"minecraft:dirt":164,"minecraft:anvil":2,"minecraft:white_carpet":6,"minecraft:granite":2,"minecraft:wooden_axe":64,"minecraft:bookshelf":1,"minecraft:iron_axe":12,"minecraft:iron_boots":1,"create:cart_assembler":1,"samurai_dynasty:red_samurai_leggings":1,"minecraft:minecart":1,"minecraft:cobbled_deepslate":108,"minecraft:wheat_seeds":9,"minecraft:water_bucket":56,"minecraft:fletching_table":5,"minecraft:cobblestone_slab":2,"minecraft:mossy_cobblestone":1,"minecraft:rail":3,"minecraft:crafting_table":13,"minecraft:white_bed":7,"minecraft:oak_log":24,"minecraft:diamond_pickaxe":575,"minecraft:apple":5,"minecraft:diamond_shovel":110,"create:mechanical_press":1,"minecraft:iron_pickaxe":424,"minecraft:stone_axe":620,"minecraft:cobblestone":128,"minecraft:porkchop":1,"minecraft:cooked_porkchop":5,"minecraft:bucket":64,"minecraft:yellow_bed":3,"create:hand_crank":1},"minecraft:killed":{"minecraft:cave_spider":1,"minecraft:spider":6,"minecraft:skeleton":15,"minecraft:chicken":5,"samurai_dynasty:kitsune":1,"minecraft:pig":1,"minecraft:creeper":2,"minecraft:sheep":12,"minecraft:trader_llama":1,"minecraft:donkey":2,"minecraft:zombie":19,"minecraft:cow":4,"minecraft:wandering_trader":1},"minecraft:killed_by":{"minecraft:player":1},"minecraft:broken":{"minecraft:stone_pickaxe":1,"minecraft:stone_axe":4,"minecraft:wooden_axe":1,"minecraft:iron_axe":1,"minecraft:iron_pickaxe":1},"minecraft:picked_up":{"minecraft:iron_chestplate":2,"minecraft:wheat":4,"minecraft:anvil":1,"minecraft:smithing_table":1,"minecraft:enchanted_book":2,"minecraft:brewing_stand":2,"skilltree:iron_ring":1,"samurai_dynasty:kimono":2,"minecraft:string":11,"create:limestone":122,"create:cart_assembler":1,"minecraft:cobbled_deepslate":353,"minecraft:gold_nugget":6,"minecraft:rose_bush":4,"samurai_dynasty:raw_silver":40,"samurai_dynasty:onyx":24,"minecraft:iron_pickaxe":7,"minecraft:iron_boots":1,"minecraft:furnace":5,"minecraft:stick":1810,"samurai_dynasty:katana":3,"minecraft:composter":1,"minecraft:oak_fence":18,"minecraft:torch":212,"create:andesite_casing":22,"minecraft:porkchop":1,"minecraft:diorite":18,"minecraft:stone_sword":3,"minecraft:rotten_flesh":35,"minecraft:obsidian":10,"minecraft:cobblestone":200,"minecraft:birch_log":5,"minecraft:feather":5,"minecraft:cooked_beef":9,"minecraft:water_bucket":3,"minecraft:andesite":170,"minecraft:potato":31,"minecraft:flint":6,"minecraft:tuff":3,"create:raw_zinc":1,"skilltree:gem":69,"minecraft:lapis_lazuli":26,"minecraft:dirt":167,"samurai_dynasty:steel_ingot":7,"minecraft:name_tag":2,"minecraft:bone":35,"minecraft:wheat_seeds":27,"minecraft:raw_gold":40,"minecraft:fletching_table":3,"minecraft:oak_planks":1227,"samurai_dynasty:tanuki_statue":1,"minecraft:cooked_porkchop":5,"minecraft:mossy_cobblestone":16,"create:crimsite":6,"minecraft:diamond":34,"waystones:waystone":1,"minecraft:granite":4,"minecraft:grass":10,"minecraft:golden_apple":6,"minecraft:bread":2435,"minecraft:emerald":76,"minecraft:oak_sapling":326,"minecraft:diamond_pickaxe":2,"sophisticatedbackpacks:gold_backpack":2,"minecraft:crafting_table":11,"minecraft:azure_bluet":1,"minecraft:chicken":5,"minecraft:chest_minecart":4,"samurai_dynasty:kitsune_hide":1,"minecraft:shield":2,"samurai_dynasty:komainu_statue":2,"minecraft:flint_and_steel":2,"minecraft:white_carpet":2,"minecraft:cartography_table":1,"minecraft:beef":7,"minecraft:poppy":2,"minecraft:minecart":1,"minecraft:lectern":1,"minecraft:sugar_cane":21,"minecraft:chest":8,"minecraft:birch_sapling":1,"samurai_dynasty:aquamarine":19,"minecraft:raw_iron":196,"minecraft:raw_gold_block":22,"minecraft:oak_door":2,"create:golden_sheet":2,"minecraft:redstone":23,"minecraft:carrot":22,"samurai_dynasty:ninja_leggings":2,"samurai_dynasty:chiseled_pattern_spirit_stone_bricks":1,"minecraft:arrow":12,"minecraft:saddle":1,"minecraft:gold_ingot":18,"minecraft:mutton":18,"minecraft:white_wool":31,"minecraft:rail":90,"minecraft:stripped_oak_log":2,"samurai_dynasty:kitsune_tail":2,"minecraft:glow_ink_sac":3,"samurai_dynasty:ruby":39,"minecraft:leather":23,"samurai_dynasty:jade":21,"minecraft:oak_log":788,"minecraft:yellow_bed":5,"minecraft:gunpowder":4,"minecraft:cooked_mutton":4,"minecraft:apple":35,"minecraft:kelp":10,"minecraft:iron_ingot":73,"minecraft:cooked_chicken":2,"minecraft:book":4,"minecraft:dandelion":1,"minecraft:gravel":39,"minecraft:lava_bucket":2,"minecraft:white_bed":5,"minecraft:spider_eye":2,"minecraft:pumpkin_seeds":2,"minecraft:iron_helmet":5,"minecraft:melon_seeds":4,"minecraft:black_wool":12,"minecraft:coal":177}},"DataVersion":3465}