{"stats":{"minecraft:used":{"create:deployer":19,"create:portable_storage_interface":6,"minecraft:chest":22,"minecraft:shield":38,"create:mechanical_bearing":5,"minecraft:mutton":2,"create:cogwheel":4,"samurai_dynasty:katana":405,"minecraft:carrot":26,"create:depot":5,"minecraft:obsidian":11,"minecraft:lava_bucket":38,"minecraft:oak_sapling":54,"minecraft:furnace":6,"minecraft:potato":115,"minecraft:stone_pickaxe":166,"minecraft:oak_planks":572,"minecraft:wooden_pickaxe":10,"minecraft:composter":1,"minecraft:diamond_axe":1078,"create:mechanical_saw":3,"minecraft:oak_leaves":1,"minecraft:golden_apple":1,"samurai_dynasty:ninja_leggings":14,"minecraft:blast_furnace":2,"minecraft:black_bed":7,"waystones:waystone":2,"samurai_dynasty:chiseled_pattern_spirit_stone_bricks":1,"minecraft:lever":1,"minecraft:string":2,"minecraft:bread":193,"minecraft:lectern":11,"minecraft:oak_pressure_plate":1,"minecraft:gravel":190,"minecraft:wooden_sword":5,"create:basin":1,"globalxp:xp_block":5,"minecraft:bone_meal":72,"minecraft:oak_fence":61,"minecraft:stone_sword":102,"minecraft:flint_and_steel":7,"samurai_dynasty:steel_ninja_helmet":2,"minecraft:stone_hoe":80,"minecraft:netherrack":86,"minecraft:torch":383,"minecraft:brewing_stand":3,"minecraft:dirt":316,"minecraft:anvil":3,"minecraft:white_carpet":6,"create:mechanical_mixer":1,"minecraft:granite":2,"create:chute":7,"minecraft:wooden_axe":64,"minecraft:bookshelf":2,"create:wrench":64,"minecraft:iron_axe":12,"minecraft:iron_boots":1,"create:cart_assembler":1,"create:radial_chassis":4,"samurai_dynasty:red_samurai_leggings":13,"minecraft:minecart":1,"minecraft:cobbled_deepslate":334,"minecraft:wheat_seeds":10,"minecraft:water_bucket":118,"samurai_dynasty:red_samurai_helmet":1,"minecraft:birch_planks":1,"minecraft:fletching_table":7,"minecraft:cobblestone_slab":2,"create:blaze_burner":2,"minecraft:mossy_cobblestone":1,"minecraft:rail":3,"minecraft:oak_slab":2,"minecraft:crafting_table":13,"minecraft:white_bed":13,"minecraft:oak_log":24,"minecraft:diamond_pickaxe":7232,"minecraft:apple":5,"minecraft:diamond_shovel":486,"create:mechanical_press":2,"minecraft:iron_pickaxe":424,"create:water_wheel":3,"minecraft:stone_axe":620,"minecraft:cobblestone":310,"minecraft:porkchop":1,"minecraft:cooked_porkchop":5,"minecraft:bucket":161,"minecraft:yellow_bed":3,"create:hand_crank":6},"minecraft:killed_by":{"minecraft:player":1},"minecraft:mined":{"create:deepslate_zinc_ore":151,"minecraft:white_bed":6,"minecraft:oak_sapling":26,"minecraft:farmland":24,"samurai_dynasty:komainu_statue":1,"create:andesite_casing":22,"minecraft:sculk_vein":2,"minecraft:brewing_stand":3,"minecraft:obsidian":70,"minecraft:granite":234,"minecraft:grass_block":371,"minecraft:oak_pressure_plate":1,"minecraft:soul_soil":22,"minecraft:composter":1,"minecraft:oxeye_daisy":1,"minecraft:iron_ore":157,"minecraft:cobbled_deepslate":20,"minecraft:fire":15,"minecraft:anvil":1,"minecraft:deepslate_lapis_ore":7,"minecraft:fletching_table":3,"minecraft:azure_bluet":3,"minecraft:dirt_path":6,"create:mechanical_press":1,"minecraft:tripwire":1,"minecraft:deepslate_redstone_ore":42,"create:radial_chassis":1,"create:cogwheel":1,"minecraft:blackstone":10,"minecraft:torch":3,"minecraft:calcite":13,"minecraft:poppy":1,"minecraft:chest":15,"minecraft:nether_quartz_ore":53,"minecraft:cobblestone":37,"minecraft:oak_planks":147,"minecraft:sugar_cane":8,"minecraft:wall_torch":3,"minecraft:amethyst_block":2,"minecraft:pink_petals":1,"minecraft:seagrass":1,"create:portable_storage_interface":4,"samurai_dynasty:deepslate_silver_ore":45,"minecraft:birch_log":10,"minecraft:wheat":10,"samurai_dynasty:deepslate_jade_ore":11,"samurai_dynasty:deepslate_ruby_ore":47,"samurai_dynasty:silver_ore":4,"minecraft:grass":562,"minecraft:oak_log":1262,"create:hand_crank":4,"minecraft:dirt":266,"minecraft:sand":256,"minecraft:smooth_basalt":8,"minecraft:netherrack":994,"minecraft:deepslate":729,"create:crimsite":240,"minecraft:oak_leaves":131,"create:zinc_ore":14,"minecraft:nether_gold_ore":24,"minecraft:tuff":84,"minecraft:mossy_cobblestone":17,"minecraft:deepslate_diamond_ore":20,"samurai_dynasty:deepslate_aquamarine_ore":23,"minecraft:oak_door":2,"minecraft:nether_bricks":193,"minecraft:glow_lichen":1,"minecraft:lever":1,"create:depot":4,"minecraft:kelp":10,"minecraft:cartography_table":1,"samurai_dynasty:aquamarine_ore":8,"minecraft:furnace":5,"minecraft:carrots":23,"minecraft:raw_gold_block":21,"minecraft:andesite":196,"samurai_dynasty:chiseled_pattern_spirit_stone_bricks":1,"minecraft:nether_brick_fence":27,"minecraft:bookshelf":2,"minecraft:potatoes":30,"minecraft:deepslate_iron_ore":48,"create:cart_assembler":1,"minecraft:rail":116,"create:chute":2,"minecraft:stripped_oak_log":2,"create:deployer":12,"minecraft:stone":3131,"samurai_dynasty:deepslate_onyx_ore":30,"minecraft:smithing_table":1,"minecraft:oak_slab":2,"minecraft:glass_pane":1,"minecraft:soul_sand":51,"minecraft:basalt":84,"minecraft:dandelion":7,"minecraft:oak_fence":5,"minecraft:crafting_table":11,"minecraft:cornflower":1,"minecraft:rose_bush":1,"minecraft:sculk_sensor":4,"minecraft:lectern":7,"create:water_wheel":2,"samurai_dynasty:jade_ore":10,"minecraft:copper_ore":15,"minecraft:tall_grass":107,"minecraft:deepslate_gold_ore":53,"minecraft:sculk":7,"minecraft:diorite":173,"create:mechanical_saw":1,"create:blaze_burner":1,"minecraft:white_carpet":2,"globalxp:xp_block":2,"minecraft:yellow_bed":2,"create:mechanical_bearing":4,"minecraft:coal_ore":254,"minecraft:gravel":442,"minecraft:cobweb":6},"minecraft:dropped":{"minecraft:oak_pressure_plate":3,"minecraft:oak_log":273,"minecraft:glow_ink_sac":3,"minecraft:glow_berries":4,"minecraft:leather":4,"minecraft:chest_minecart":4,"create:crimsite":4,"minecraft:saddle":1,"samurai_dynasty:ruby":21,"minecraft:emerald":62,"minecraft:dirt":3,"samurai_dynasty:kimono":1,"minecraft:iron_pickaxe":4,"minecraft:white_wool":9,"minecraft:gold_ingot":3,"minecraft:bone":1,"minecraft:gravel":61,"minecraft:stone_axe":1,"minecraft:blackstone":10,"minecraft:cobbled_deepslate":1,"minecraft:wheat":31,"minecraft:obsidian":7,"minecraft:rotten_flesh":40,"samurai_dynasty:steel_ninja_helmet":1,"minecraft:oak_planks":519,"minecraft:azure_bluet":2,"minecraft:carrot":88,"minecraft:melon_seeds":8,"create:limestone":61,"minecraft:chest":4,"globalxp:xp_block":1,"minecraft:water_bucket":1,"minecraft:enchanted_book":1,"minecraft:iron_ingot":9,"minecraft:bread":1543,"create:rose_quartz":97,"minecraft:oak_slab":4,"minecraft:wheat_seeds":75,"samurai_dynasty:cloth":21,"minecraft:mossy_cobblestone":1,"minecraft:poisonous_potato":1,"minecraft:oak_fence":26,"minecraft:iron_helmet":2,"minecraft:cobblestone":3,"minecraft:book":1,"minecraft:granite":240,"minecraft:copper_ingot":64,"minecraft:stick":24,"minecraft:oxeye_daisy":1,"minecraft:diorite":25,"minecraft:rose_bush":4,"skilltree:gem":24,"minecraft:oak_stairs":4,"minecraft:string":6,"minecraft:pink_petals":6,"minecraft:bucket":1,"create:sand_paper":2,"create:raw_zinc":1,"minecraft:dandelion":7,"minecraft:stone_sword":2,"minecraft:tuff":37,"minecraft:raw_iron":2,"minecraft:iron_boots":1,"skilltree:iron_ring":2,"samurai_dynasty:katana":1,"minecraft:pumpkin_seeds":4,"minecraft:shield":1,"create:zinc_ingot":28,"minecraft:andesite":1,"minecraft:oak_sapling":2,"minecraft:spider_eye":2,"minecraft:bow":1,"waystones:waystone":1,"skilltree:golden_ring":1},"minecraft:crafted":{"minecraft:smooth_stone":6,"minecraft:oak_planks":4764,"minecraft:cobblestone_slab":6,"globalxp:xp_block":1,"minecraft:cooked_chicken":5,"samurai_dynasty:katana":1,"minecraft:stone":5,"minecraft:lever":1,"minecraft:diamond_shovel":1,"create:mechanical_bearing":1,"minecraft:bookshelf":5,"create:deployer":4,"minecraft:cooked_mutton":20,"minecraft:iron_bars":16,"create:radial_chassis":9,"minecraft:glass":2,"minecraft:bow":1,"create:cart_assembler":1,"create:mechanical_press":1,"minecraft:chest":6,"samurai_dynasty:ninja_leggings":1,"minecraft:stone_hoe":1,"create:cogwheel":3,"minecraft:oak_fence":69,"create:brass_hand":4,"minecraft:furnace_minecart":1,"minecraft:oak_slab":24,"create:depot":1,"minecraft:emerald":220,"create:rose_quartz":29,"samurai_dynasty:steel_ingot":14,"minecraft:cooked_porkchop":5,"minecraft:diamond_axe":1,"minecraft:crafting_table":5,"create:mechanical_saw":2,"minecraft:wooden_pickaxe":1,"skilltree:iron_ring":2,"minecraft:copper_ingot":71,"create:sand_paper":3,"minecraft:fletching_table":4,"minecraft:birch_planks":20,"create:mechanical_mixer":1,"samurai_dynasty:katana_handle":1,"minecraft:lectern":3,"minecraft:book":5,"minecraft:paper":18,"minecraft:diamond_pickaxe":1,"create:water_wheel":2,"minecraft:shield":2,"skilltree:traveler_necklace":1,"create:portable_storage_interface":2,"create:super_glue":1,"samurai_dynasty:red_samurai_boots":1,"sophisticatedbackpacks:diamond_backpack":1,"minecraft:stick":6964,"minecraft:iron_ingot":296,"minecraft:iron_pickaxe":3,"minecraft:iron_block":7,"minecraft:stone_sword":1,"minecraft:gold_ingot":144,"minecraft:black_bed":7,"minecraft:shears":1,"create:empty_blaze_burner":3,"create:chute":16,"minecraft:wooden_sword":1,"create:wrench":1,"minecraft:iron_nugget":236,"minecraft:furnace":4,"minecraft:blast_furnace":2,"minecraft:bone_meal":174,"minecraft:flint_and_steel":2,"minecraft:stone_pickaxe":2,"samurai_dynasty:red_samurai_helmet":1,"skilltree:golden_ring":2,"create:basin":1,"create:electron_tube":16,"minecraft:minecart":2,"minecraft:cooked_beef":15,"create:andesite_alloy":85,"create:hand_crank":1,"create:goggles":1,"create:large_water_wheel":1,"minecraft:bucket":3,"samurai_dynasty:cloth":32,"minecraft:stone_axe":5,"minecraft:enchanted_book":6,"minecraft:air":0,"create:whisk":1,"minecraft:golden_apple":3,"minecraft:gold_nugget":36,"minecraft:raw_gold":198,"samurai_dynasty:red_samurai_leggings":1,"samurai_dynasty:steel_ninja_helmet":1,"minecraft:wooden_axe":1,"samurai_dynasty:red_samurai_chestplate":1,"minecraft:anvil":2,"minecraft:white_bed":8,"create:shaft":24,"minecraft:torch":388,"skilltree:simple_necklace":1,"create:zinc_ingot":31},"minecraft:broken":{"minecraft:stone_pickaxe":1,"minecraft:stone_axe":4,"minecraft:wooden_axe":1,"minecraft:iron_axe":1,"minecraft:iron_pickaxe":1,"create:sand_paper":2},"minecraft:killed":{"minecraft:cave_spider":1,"minecraft:spider":13,"minecraft:skeleton":29,"minecraft:chicken":5,"samurai_dynasty:kitsune":1,"minecraft:pig":1,"minecraft:creeper":4,"minecraft:sheep":12,"minecraft:trader_llama":1,"minecraft:donkey":2,"minecraft:zombie":39,"minecraft:blaze":15,"minecraft:cow":4,"minecraft:slime":3,"minecraft:wandering_trader":1,"minecraft:enderman":3},"minecraft:custom":{"minecraft:interact_with_crafting_table":164,"minecraft:leave_game":15,"minecraft:time_since_death":523674,"minecraft:sprint_one_cm":2037735,"minecraft:damage_blocked_by_shield":1550,"minecraft:drop":628,"minecraft:talked_to_villager":196,"minecraft:play_time":735283,"minecraft:deaths":2,"minecraft:jump":10420,"minecraft:walk_on_water_one_cm":54023,"minecraft:interact_with_furnace":163,"minecraft:traded_with_villager":229,"minecraft:sleep_in_bed":16,"minecraft:waystone_activated":2,"minecraft:damage_dealt":26986,"minecraft:player_kills":2,"minecraft:crouch_one_cm":65765,"minecraft:interact_with_anvil":13,"minecraft:mob_kills":137,"minecraft:climb_one_cm":630,"minecraft:walk_one_cm":975550,"minecraft:sneak_time":44817,"minecraft:walk_under_water_one_cm":24084,"minecraft:boat_one_cm":87651,"minecraft:interact_with_blast_furnace":201,"minecraft:total_world_time":735283,"minecraft:interact_with_grindstone":4,"minecraft:time_since_rest":21187,"minecraft:damage_taken":6021,"minecraft:damage_absorbed":14,"minecraft:swim_one_cm":57710,"minecraft:fly_one_cm":2273008,"minecraft:open_chest":445,"minecraft:fall_one_cm":307420},"minecraft:picked_up":{"minecraft:iron_chestplate":2,"minecraft:wheat":16,"minecraft:nether_brick_fence":27,"minecraft:anvil":1,"minecraft:smithing_table":1,"minecraft:oak_stairs":4,"minecraft:enchanted_book":2,"minecraft:brewing_stand":3,"samurai_dynasty:kimono":2,"skilltree:iron_ring":1,"minecraft:string":16,"minecraft:soul_soil":14,"minecraft:raw_copper":142,"create:limestone":122,"create:sand_paper":2,"create:water_wheel":2,"create:mechanical_press":1,"create:cart_assembler":1,"minecraft:gold_nugget":185,"minecraft:cobbled_deepslate":864,"minecraft:rose_bush":4,"samurai_dynasty:raw_silver":54,"samurai_dynasty:onyx":33,"minecraft:iron_pickaxe":7,"minecraft:iron_boots":1,"minecraft:furnace":5,"minecraft:stick":3687,"samurai_dynasty:katana":3,"minecraft:composter":1,"minecraft:oak_fence":18,"minecraft:torch":222,"create:andesite_casing":22,"minecraft:porkchop":1,"minecraft:diorite":168,"minecraft:stone_sword":3,"minecraft:rotten_flesh":59,"minecraft:blaze_rod":25,"minecraft:obsidian":77,"minecraft:cobblestone":2982,"minecraft:birch_log":5,"minecraft:pink_petals":6,"minecraft:feather":5,"minecraft:cooked_beef":9,"minecraft:water_bucket":3,"minecraft:andesite":186,"minecraft:potato":134,"minecraft:flint":217,"minecraft:tuff":48,"create:raw_zinc":349,"skilltree:gem":157,"minecraft:lapis_lazuli":144,"minecraft:dirt":740,"samurai_dynasty:steel_ingot":7,"minecraft:name_tag":2,"minecraft:bone":66,"minecraft:bow":3,"minecraft:wheat_seeds":114,"minecraft:raw_gold":98,"minecraft:fletching_table":3,"minecraft:oak_planks":1237,"samurai_dynasty:tanuki_statue":1,"create:radial_chassis":1,"minecraft:cooked_porkchop":5,"create:cogwheel":1,"minecraft:oak_pressure_plate":4,"minecraft:poisonous_potato":1,"minecraft:sand":256,"minecraft:grass_block":2,"minecraft:mossy_cobblestone":16,"create:crimsite":235,"minecraft:diamond":50,"minecraft:lever":1,"waystones:waystone":3,"minecraft:granite":242,"minecraft:grass":10,"minecraft:golden_apple":6,"minecraft:emerald":76,"minecraft:bread":2435,"minecraft:oak_sapling":860,"minecraft:netherrack":966,"sophisticatedbackpacks:gold_backpack":2,"minecraft:diamond_pickaxe":2,"samurai_dynasty:steel_ninja_helmet":1,"minecraft:crafting_table":11,"minecraft:azure_bluet":3,"minecraft:chicken":5,"minecraft:chest_minecart":4,"samurai_dynasty:kitsune_hide":1,"minecraft:shield":2,"samurai_dynasty:komainu_statue":2,"minecraft:flint_and_steel":2,"minecraft:white_carpet":2,"create:chute":5,"minecraft:blackstone":10,"minecraft:cartography_table":1,"minecraft:beef":7,"minecraft:poppy":2,"minecraft:minecart":1,"minecraft:lectern":8,"minecraft:sugar_cane":24,"minecraft:chest":18,"minecraft:birch_sapling":1,"globalxp:xp_block":3,"samurai_dynasty:aquamarine":54,"minecraft:raw_iron":434,"minecraft:raw_gold_block":22,"minecraft:oak_door":2,"create:golden_sheet":2,"minecraft:copper_ingot":20,"create:hand_crank":5,"minecraft:carrot":110,"minecraft:redstone":251,"samurai_dynasty:ninja_leggings":2,"create:deployer":12,"samurai_dynasty:chiseled_pattern_spirit_stone_bricks":1,"minecraft:arrow":42,"minecraft:nether_bricks":193,"create:depot":4,"minecraft:saddle":1,"minecraft:gold_ingot":18,"minecraft:mutton":18,"minecraft:rail":111,"minecraft:white_wool":48,"minecraft:oxeye_daisy":1,"minecraft:stripped_oak_log":2,"samurai_dynasty:kitsune_tail":2,"minecraft:basalt":76,"minecraft:glow_ink_sac":3,"samurai_dynasty:ruby":70,"minecraft:leather":23,"samurai_dynasty:jade":52,"minecraft:oak_log":1424,"minecraft:yellow_bed":5,"minecraft:gunpowder":4,"create:blaze_burner":1,"minecraft:cooked_mutton":4,"minecraft:apple":62,"minecraft:kelp":10,"minecraft:iron_ingot":75,"minecraft:cooked_chicken":2,"minecraft:soul_sand":24,"create:mechanical_saw":1,"minecraft:book":7,"minecraft:oak_slab":4,"create:mechanical_bearing":4,"minecraft:quartz":121,"minecraft:dandelion":7,"minecraft:gravel":260,"minecraft:lava_bucket":2,"minecraft:white_bed":6,"minecraft:spider_eye":4,"minecraft:pumpkin_seeds":2,"minecraft:slime_ball":7,"minecraft:iron_helmet":5,"create:rose_quartz":80,"create:portable_storage_interface":4,"minecraft:melon_seeds":4,"minecraft:black_wool":30,"minecraft:coal":483,"minecraft:ender_pearl":6}},"DataVersion":3465}