{"stats":{"minecraft:dropped":{"minecraft:water_bucket":1,"minecraft:iron_ingot":9,"minecraft:bread":1250,"minecraft:wheat_seeds":7,"minecraft:oak_log":209,"minecraft:iron_helmet":2,"minecraft:leather":2,"minecraft:chest_minecart":4,"minecraft:granite":2,"minecraft:stick":3,"minecraft:dirt":3,"minecraft:diorite":18,"minecraft:rose_bush":4,"skilltree:gem":4,"minecraft:iron_pickaxe":4,"minecraft:string":3,"minecraft:white_wool":7,"minecraft:bucket":1,"create:raw_zinc":1,"minecraft:dandelion":1,"minecraft:gold_ingot":3,"minecraft:gravel":3,"minecraft:stone_axe":1,"minecraft:stone_sword":1,"minecraft:obsidian":7,"minecraft:raw_iron":2,"minecraft:rotten_flesh":4,"minecraft:oak_planks":12,"minecraft:iron_boots":1,"minecraft:pumpkin_seeds":2,"minecraft:shield":1,"minecraft:melon_seeds":4},"minecraft:custom":{"minecraft:mob_kills":28,"minecraft:interact_with_crafting_table":27,"minecraft:leave_game":10,"minecraft:time_since_death":158835,"minecraft:sprint_one_cm":424265,"minecraft:walk_one_cm":168670,"minecraft:damage_blocked_by_shield":150,"minecraft:drop":60,"minecraft:talked_to_villager":6,"minecraft:play_time":158835,"minecraft:sneak_time":9975,"minecraft:walk_under_water_one_cm":10326,"minecraft:boat_one_cm":87651,"minecraft:jump":2259,"minecraft:interact_with_blast_furnace":26,"minecraft:walk_on_water_one_cm":11898,"minecraft:total_world_time":158835,"minecraft:interact_with_furnace":32,"minecraft:sleep_in_bed":4,"minecraft:time_since_rest":22360,"minecraft:damage_taken":1293,"minecraft:damage_dealt":3930,"minecraft:swim_one_cm":20181,"minecraft:fly_one_cm":543144,"minecraft:player_kills":1,"minecraft:open_chest":65,"minecraft:crouch_one_cm":16937,"minecraft:fall_one_cm":65960},"minecraft:mined":{"create:deepslate_zinc_ore":2,"minecraft:white_bed":2,"minecraft:deepslate_diamond_ore":8,"minecraft:oak_door":2,"minecraft:sculk_vein":2,"minecraft:granite":1,"minecraft:grass_block":2,"minecraft:kelp":10,"minecraft:furnace":3,"minecraft:fire":5,"minecraft:iron_ore":37,"minecraft:cobbled_deepslate":1,"minecraft:azure_bluet":1,"minecraft:deepslate_iron_ore":7,"minecraft:rail":69,"minecraft:stone":138,"minecraft:smithing_table":1,"minecraft:deepslate_redstone_ore":3,"minecraft:glass_pane":1,"minecraft:oak_fence":4,"minecraft:crafting_table":9,"minecraft:torch":1,"minecraft:chest":4,"minecraft:rose_bush":1,"minecraft:sculk_sensor":4,"minecraft:tall_grass":25,"minecraft:cobblestone":17,"minecraft:deepslate_gold_ore":21,"minecraft:oak_planks":5,"minecraft:sugar_cane":2,"minecraft:sculk":7,"minecraft:diorite":9,"minecraft:seagrass":1,"samurai_dynasty:deepslate_ruby_ore":7,"minecraft:yellow_bed":1,"minecraft:grass":38,"minecraft:coal_ore":96,"minecraft:oak_log":53,"minecraft:gravel":7,"minecraft:dirt":7,"minecraft:cobweb":6,"minecraft:oak_leaves":4,"minecraft:deepslate":164},"minecraft:crafted":{"minecraft:wooden_sword":1,"minecraft:smooth_stone":6,"minecraft:oak_planks":216,"minecraft:cobblestone_slab":6,"minecraft:furnace":3,"minecraft:blast_furnace":2,"minecraft:stone":5,"minecraft:flint_and_steel":1,"minecraft:stone_pickaxe":2,"samurai_dynasty:ninja_leggings":1,"samurai_dynasty:steel_ingot":8,"minecraft:crafting_table":2,"minecraft:wooden_pickaxe":1,"minecraft:bucket":3,"samurai_dynasty:cloth":12,"minecraft:stone_axe":1,"minecraft:air":0,"minecraft:gold_nugget":9,"minecraft:shield":2,"minecraft:stick":48,"minecraft:iron_ingot":41,"minecraft:iron_pickaxe":3,"minecraft:wooden_axe":1,"minecraft:stone_sword":1,"minecraft:gold_ingot":35,"minecraft:torch":180},"minecraft:used":{"minecraft:oak_fence":4,"minecraft:stone_sword":98,"minecraft:flint_and_steel":6,"minecraft:chest":1,"minecraft:shield":5,"minecraft:torch":111,"minecraft:dirt":5,"minecraft:mutton":2,"minecraft:wooden_axe":64,"minecraft:furnace":4,"minecraft:cobbled_deepslate":16,"minecraft:water_bucket":16,"minecraft:stone_pickaxe":166,"minecraft:oak_planks":17,"minecraft:wooden_pickaxe":10,"minecraft:cobblestone_slab":2,"minecraft:oak_leaves":1,"samurai_dynasty:ninja_leggings":1,"minecraft:crafting_table":9,"minecraft:blast_furnace":2,"minecraft:apple":5,"minecraft:bread":33,"minecraft:string":2,"minecraft:iron_pickaxe":413,"minecraft:stone_axe":24,"minecraft:wooden_sword":5,"minecraft:cobblestone":126,"minecraft:porkchop":1,"minecraft:bucket":19,"minecraft:yellow_bed":1},"minecraft:killed":{"minecraft:cave_spider":1,"minecraft:spider":3,"minecraft:skeleton":4,"minecraft:chicken":3,"minecraft:pig":1,"minecraft:creeper":2,"minecraft:sheep":7,"minecraft:zombie":5,"minecraft:cow":2},"minecraft:broken":{"minecraft:stone_pickaxe":1,"minecraft:iron_pickaxe":1,"minecraft:wooden_axe":1},"minecraft:picked_up":{"minecraft:crafting_table":9,"minecraft:wheat":3,"minecraft:azure_bluet":1,"minecraft:chicken":3,"minecraft:chest_minecart":4,"minecraft:smithing_table":1,"minecraft:enchanted_book":2,"minecraft:string":7,"minecraft:cobbled_deepslate":157,"minecraft:beef":4,"minecraft:rose_bush":4,"minecraft:poppy":2,"minecraft:iron_pickaxe":3,"minecraft:sugar_cane":12,"minecraft:chest":4,"minecraft:furnace":3,"minecraft:stick":46,"minecraft:raw_iron":65,"minecraft:oak_door":2,"minecraft:oak_fence":4,"minecraft:torch":1,"minecraft:porkchop":1,"minecraft:diorite":18,"minecraft:redstone":23,"minecraft:stone_sword":1,"minecraft:arrow":3,"minecraft:rotten_flesh":5,"minecraft:mutton":11,"minecraft:obsidian":7,"minecraft:rail":69,"minecraft:white_wool":7,"minecraft:cobblestone":165,"minecraft:feather":3,"samurai_dynasty:ruby":14,"minecraft:water_bucket":1,"minecraft:leather":3,"minecraft:potato":3,"minecraft:flint":1,"create:raw_zinc":1,"minecraft:oak_log":264,"minecraft:yellow_bed":2,"skilltree:gem":38,"minecraft:dirt":36,"minecraft:name_tag":2,"minecraft:bone":25,"minecraft:apple":5,"minecraft:kelp":10,"minecraft:wheat_seeds":10,"minecraft:raw_gold":40,"minecraft:iron_ingot":28,"minecraft:oak_planks":14,"minecraft:dandelion":1,"minecraft:gravel":3,"minecraft:white_bed":2,"minecraft:spider_eye":1,"minecraft:pumpkin_seeds":2,"minecraft:diamond":18,"minecraft:iron_helmet":3,"minecraft:granite":2,"minecraft:oak_sapling":136,"minecraft:melon_seeds":4,"minecraft:coal":114}},"DataVersion":3465}