{"stats":{"minecraft:dropped":{"minecraft:gravel":3,"minecraft:iron_ingot":2,"minecraft:bread":1250,"minecraft:wheat_seeds":1,"minecraft:oak_planks":12,"minecraft:chest_minecart":2,"minecraft:granite":2,"minecraft:stick":2,"minecraft:dirt":2,"minecraft:shield":1,"minecraft:diorite":18,"minecraft:rose_bush":4,"skilltree:gem":2,"minecraft:iron_pickaxe":2,"minecraft:string":3,"minecraft:bucket":1,"minecraft:white_wool":1,"create:raw_zinc":1},"minecraft:custom":{"minecraft:interact_with_furnace":22,"minecraft:mob_kills":6,"minecraft:interact_with_crafting_table":14,"minecraft:leave_game":10,"minecraft:time_since_death":74835,"minecraft:time_since_rest":74835,"minecraft:sprint_one_cm":174579,"minecraft:damage_taken":667,"minecraft:walk_one_cm":87290,"minecraft:damage_blocked_by_shield":50,"minecraft:drop":30,"minecraft:damage_dealt":951,"minecraft:swim_one_cm":8291,"minecraft:fly_one_cm":170659,"minecraft:open_chest":8,"minecraft:crouch_one_cm":9892,"minecraft:play_time":74835,"minecraft:sneak_time":7154,"minecraft:walk_under_water_one_cm":6249,"minecraft:jump":849,"minecraft:walk_on_water_one_cm":7837,"minecraft:total_world_time":74835,"minecraft:fall_one_cm":28222},"minecraft:mined":{"minecraft:deepslate_redstone_ore":3,"create:deepslate_zinc_ore":1,"minecraft:deepslate_diamond_ore":3,"minecraft:sculk_vein":2,"minecraft:oak_fence":4,"minecraft:crafting_table":7,"minecraft:torch":1,"minecraft:granite":1,"minecraft:grass_block":1,"minecraft:chest":2,"minecraft:rose_bush":1,"minecraft:sculk_sensor":4,"minecraft:cobblestone":12,"minecraft:deepslate_gold_ore":12,"minecraft:sugar_cane":2,"minecraft:oak_planks":5,"minecraft:sculk":7,"minecraft:diorite":9,"minecraft:furnace":3,"minecraft:iron_ore":31,"minecraft:fire":4,"minecraft:grass":7,"minecraft:oak_log":52,"minecraft:coal_ore":52,"minecraft:deepslate_iron_ore":2,"minecraft:rail":38,"minecraft:gravel":7,"minecraft:cobweb":3,"minecraft:stone":128,"minecraft:oak_leaves":4,"minecraft:deepslate":129},"minecraft:crafted":{"minecraft:wooden_sword":1,"minecraft:oak_planks":216,"minecraft:crafting_table":2,"minecraft:wooden_pickaxe":1,"minecraft:furnace":1,"minecraft:bucket":2,"minecraft:stone_axe":1,"minecraft:air":0,"minecraft:flint_and_steel":1,"minecraft:shield":2,"minecraft:stick":48,"minecraft:iron_ingot":41,"minecraft:iron_pickaxe":3,"minecraft:stone_pickaxe":2,"minecraft:wooden_axe":1,"minecraft:stone_sword":1,"minecraft:torch":180},"minecraft:used":{"minecraft:oak_fence":4,"minecraft:water_bucket":5,"minecraft:stone_sword":17,"minecraft:flint_and_steel":4,"minecraft:stone_pickaxe":166,"minecraft:oak_planks":15,"minecraft:wooden_pickaxe":10,"minecraft:chest":1,"minecraft:shield":2,"minecraft:oak_leaves":1,"minecraft:torch":60,"minecraft:mutton":2,"minecraft:crafting_table":6,"minecraft:wooden_axe":64,"minecraft:apple":5,"minecraft:bread":12,"minecraft:iron_pickaxe":250,"minecraft:stone_axe":16,"minecraft:wooden_sword":5,"minecraft:cobblestone":94,"minecraft:furnace":3,"minecraft:porkchop":1,"minecraft:bucket":6},"minecraft:killed":{"minecraft:cave_spider":1,"minecraft:pig":1,"minecraft:creeper":1,"minecraft:sheep":1,"minecraft:skeleton":2},"minecraft:picked_up":{"minecraft:crafting_table":7,"minecraft:chest_minecart":2,"minecraft:flint":1,"create:raw_zinc":1,"minecraft:oak_log":54,"skilltree:gem":14,"minecraft:dirt":2,"minecraft:string":3,"minecraft:bone":3,"minecraft:apple":5,"minecraft:wheat_seeds":2,"minecraft:cobbled_deepslate":125,"minecraft:raw_gold":11,"minecraft:rose_bush":4,"minecraft:iron_pickaxe":1,"minecraft:sugar_cane":6,"minecraft:chest":2,"minecraft:oak_planks":14,"minecraft:furnace":3,"minecraft:raw_iron":43,"minecraft:stick":18,"minecraft:oak_fence":4,"minecraft:torch":1,"minecraft:gravel":3,"minecraft:porkchop":1,"minecraft:diorite":18,"minecraft:redstone":10,"minecraft:arrow":2,"minecraft:diamond":3,"minecraft:granite":2,"minecraft:oak_sapling":46,"minecraft:mutton":2,"minecraft:coal":70,"minecraft:white_wool":1,"minecraft:rail":38,"minecraft:cobblestone":154},"minecraft:broken":{"minecraft:stone_pickaxe":1,"minecraft:iron_pickaxe":1,"minecraft:wooden_axe":1}},"DataVersion":3465}