{"stats":{"minecraft:dropped":{"minecraft:water_bucket":1,"minecraft:iron_ingot":9,"minecraft:bread":1250,"minecraft:wheat_seeds":9,"samurai_dynasty:cloth":21,"minecraft:oak_log":209,"minecraft:glow_ink_sac":3,"minecraft:iron_helmet":2,"minecraft:cobblestone":3,"minecraft:leather":2,"minecraft:chest_minecart":4,"minecraft:granite":2,"create:crimsite":4,"minecraft:saddle":1,"minecraft:stick":3,"minecraft:dirt":3,"minecraft:diorite":18,"minecraft:rose_bush":4,"skilltree:gem":4,"samurai_dynasty:kimono":1,"minecraft:iron_pickaxe":4,"minecraft:string":3,"minecraft:white_wool":9,"minecraft:bucket":1,"create:raw_zinc":1,"minecraft:dandelion":1,"minecraft:gold_ingot":3,"minecraft:gravel":6,"minecraft:stone_axe":1,"minecraft:stone_sword":2,"minecraft:obsidian":7,"minecraft:raw_iron":2,"minecraft:rotten_flesh":4,"minecraft:oak_planks":12,"minecraft:iron_boots":1,"samurai_dynasty:katana":1,"minecraft:pumpkin_seeds":2,"minecraft:shield":1,"minecraft:melon_seeds":4,"create:limestone":61,"minecraft:chest":4},"minecraft:custom":{"minecraft:mob_kills":66,"minecraft:interact_with_crafting_table":55,"minecraft:leave_game":11,"minecraft:time_since_death":31362,"minecraft:sprint_one_cm":682040,"minecraft:walk_one_cm":284284,"minecraft:damage_blocked_by_shield":770,"minecraft:drop":76,"minecraft:talked_to_villager":12,"minecraft:play_time":242971,"minecraft:sneak_time":12458,"minecraft:deaths":2,"minecraft:walk_under_water_one_cm":14011,"minecraft:boat_one_cm":87651,"minecraft:jump":3773,"minecraft:interact_with_blast_furnace":85,"minecraft:walk_on_water_one_cm":18077,"minecraft:total_world_time":242971,"minecraft:interact_with_furnace":89,"minecraft:traded_with_villager":25,"minecraft:sleep_in_bed":5,"minecraft:waystone_activated":1,"minecraft:time_since_rest":31390,"minecraft:damage_taken":2584,"minecraft:damage_dealt":12519,"minecraft:player_kills":2,"minecraft:swim_one_cm":25088,"minecraft:fly_one_cm":870371,"minecraft:open_chest":165,"minecraft:crouch_one_cm":23822,"minecraft:fall_one_cm":124791},"minecraft:mined":{"samurai_dynasty:komainu_statue":1,"create:deepslate_zinc_ore":3,"minecraft:tuff":3,"minecraft:white_bed":3,"minecraft:oak_sapling":2,"samurai_dynasty:deepslate_aquamarine_ore":8,"minecraft:deepslate_diamond_ore":15,"minecraft:oak_door":2,"minecraft:sculk_vein":2,"minecraft:obsidian":3,"minecraft:granite":1,"minecraft:grass_block":2,"minecraft:kelp":10,"minecraft:furnace":5,"minecraft:raw_gold_block":21,"minecraft:iron_ore":44,"minecraft:fire":5,"minecraft:cobbled_deepslate":4,"minecraft:fletching_table":1,"samurai_dynasty:chiseled_pattern_spirit_stone_bricks":1,"minecraft:azure_bluet":1,"minecraft:deepslate_iron_ore":21,"minecraft:rail":69,"minecraft:stone":140,"samurai_dynasty:deepslate_onyx_ore":24,"minecraft:smithing_table":1,"minecraft:deepslate_redstone_ore":4,"minecraft:glass_pane":1,"minecraft:oak_fence":4,"minecraft:crafting_table":10,"minecraft:torch":2,"minecraft:calcite":13,"minecraft:chest":4,"minecraft:rose_bush":1,"minecraft:sculk_sensor":4,"minecraft:tall_grass":28,"minecraft:cobblestone":17,"minecraft:deepslate_gold_ore":21,"minecraft:oak_planks":5,"minecraft:sugar_cane":5,"minecraft:sculk":7,"minecraft:diorite":9,"minecraft:wall_torch":2,"minecraft:amethyst_block":2,"minecraft:seagrass":1,"samurai_dynasty:deepslate_jade_ore":8,"samurai_dynasty:deepslate_silver_ore":39,"minecraft:birch_log":5,"samurai_dynasty:deepslate_ruby_ore":32,"minecraft:yellow_bed":1,"minecraft:grass":54,"minecraft:oak_log":577,"minecraft:coal_ore":100,"minecraft:gravel":55,"minecraft:dirt":7,"minecraft:cobweb":6,"minecraft:smooth_basalt":8,"minecraft:oak_leaves":36,"minecraft:deepslate":222},"minecraft:crafted":{"minecraft:wooden_sword":1,"minecraft:smooth_stone":6,"minecraft:oak_planks":2208,"minecraft:cobblestone_slab":6,"minecraft:cooked_chicken":2,"samurai_dynasty:katana":1,"minecraft:furnace":3,"minecraft:blast_furnace":2,"minecraft:stone":5,"minecraft:cooked_mutton":4,"minecraft:flint_and_steel":1,"minecraft:stone_pickaxe":2,"samurai_dynasty:ninja_leggings":1,"minecraft:cooked_beef":9,"minecraft:emerald":25,"samurai_dynasty:steel_ingot":14,"minecraft:cooked_porkchop":5,"minecraft:crafting_table":3,"minecraft:wooden_pickaxe":1,"minecraft:fletching_table":1,"minecraft:bucket":3,"samurai_dynasty:cloth":28,"minecraft:stone_axe":5,"minecraft:air":0,"samurai_dynasty:katana_handle":1,"minecraft:diamond_pickaxe":1,"minecraft:golden_apple":2,"minecraft:gold_nugget":9,"minecraft:shield":2,"minecraft:stick":2320,"minecraft:iron_ingot":63,"minecraft:iron_pickaxe":3,"minecraft:wooden_axe":1,"minecraft:stone_sword":1,"minecraft:gold_ingot":36,"minecraft:torch":180},"minecraft:used":{"minecraft:oak_fence":4,"minecraft:stone_sword":102,"minecraft:flint_and_steel":6,"minecraft:chest":5,"minecraft:shield":21,"minecraft:torch":227,"minecraft:dirt":5,"minecraft:mutton":2,"samurai_dynasty:katana":136,"minecraft:wooden_axe":64,"minecraft:lava_bucket":3,"minecraft:iron_axe":12,"minecraft:iron_boots":1,"minecraft:oak_sapling":51,"minecraft:furnace":6,"minecraft:cobbled_deepslate":65,"minecraft:water_bucket":28,"minecraft:stone_pickaxe":166,"minecraft:oak_planks":17,"minecraft:wooden_pickaxe":10,"minecraft:fletching_table":2,"minecraft:cobblestone_slab":2,"minecraft:oak_leaves":1,"samurai_dynasty:ninja_leggings":1,"minecraft:crafting_table":10,"minecraft:blast_furnace":2,"minecraft:white_bed":2,"samurai_dynasty:chiseled_pattern_spirit_stone_bricks":1,"waystones:waystone":1,"minecraft:diamond_pickaxe":246,"minecraft:apple":5,"minecraft:bread":49,"minecraft:string":2,"minecraft:iron_pickaxe":424,"minecraft:gravel":31,"minecraft:stone_axe":620,"minecraft:wooden_sword":5,"minecraft:cobblestone":126,"minecraft:cooked_porkchop":5,"minecraft:porkchop":1,"minecraft:bucket":34,"minecraft:yellow_bed":1},"minecraft:killed":{"minecraft:cave_spider":1,"minecraft:spider":6,"minecraft:skeleton":14,"minecraft:chicken":5,"samurai_dynasty:kitsune":1,"minecraft:pig":1,"minecraft:creeper":2,"minecraft:sheep":12,"minecraft:zombie":18,"minecraft:donkey":2,"minecraft:cow":4},"minecraft:broken":{"minecraft:stone_pickaxe":1,"minecraft:iron_axe":1,"minecraft:stone_axe":4,"minecraft:iron_pickaxe":1,"minecraft:wooden_axe":1},"minecraft:killed_by":{"minecraft:player":1},"minecraft:picked_up":{"sophisticatedbackpacks:gold_backpack":2,"minecraft:crafting_table":10,"minecraft:iron_chestplate":2,"minecraft:wheat":3,"minecraft:azure_bluet":1,"minecraft:chicken":5,"minecraft:chest_minecart":4,"minecraft:smithing_table":1,"samurai_dynasty:kitsune_hide":1,"minecraft:enchanted_book":2,"minecraft:shield":2,"samurai_dynasty:kimono":2,"minecraft:string":11,"samurai_dynasty:komainu_statue":2,"create:limestone":122,"minecraft:flint_and_steel":2,"minecraft:gold_nugget":6,"minecraft:cobbled_deepslate":346,"minecraft:beef":7,"samurai_dynasty:raw_silver":39,"minecraft:rose_bush":4,"samurai_dynasty:onyx":24,"minecraft:poppy":2,"minecraft:iron_pickaxe":7,"minecraft:sugar_cane":21,"minecraft:chest":8,"minecraft:birch_sapling":1,"samurai_dynasty:aquamarine":8,"minecraft:iron_boots":1,"minecraft:furnace":5,"minecraft:stick":1741,"minecraft:raw_iron":118,"minecraft:raw_gold_block":22,"samurai_dynasty:katana":3,"minecraft:oak_door":2,"minecraft:oak_fence":4,"minecraft:torch":211,"minecraft:porkchop":1,"minecraft:diorite":18,"minecraft:redstone":23,"samurai_dynasty:ninja_leggings":2,"samurai_dynasty:chiseled_pattern_spirit_stone_bricks":1,"minecraft:stone_sword":3,"minecraft:arrow":12,"minecraft:rotten_flesh":27,"minecraft:saddle":1,"minecraft:gold_ingot":18,"minecraft:obsidian":10,"minecraft:mutton":18,"samurai_dynasty:kitsune_tail":2,"minecraft:rail":69,"minecraft:white_wool":15,"minecraft:cobblestone":176,"minecraft:birch_log":5,"minecraft:feather":5,"minecraft:cooked_beef":9,"minecraft:glow_ink_sac":3,"minecraft:water_bucket":3,"samurai_dynasty:ruby":39,"minecraft:leather":19,"samurai_dynasty:jade":8,"minecraft:potato":4,"minecraft:flint":6,"minecraft:tuff":3,"create:raw_zinc":1,"minecraft:oak_log":762,"minecraft:yellow_bed":3,"minecraft:lapis_lazuli":26,"skilltree:gem":59,"minecraft:dirt":36,"samurai_dynasty:steel_ingot":7,"minecraft:name_tag":2,"minecraft:cooked_mutton":4,"minecraft:bone":34,"minecraft:apple":35,"minecraft:kelp":10,"minecraft:wheat_seeds":13,"minecraft:raw_gold":40,"minecraft:iron_ingot":43,"minecraft:cooked_chicken":2,"minecraft:fletching_table":1,"minecraft:oak_planks":1160,"samurai_dynasty:tanuki_statue":1,"minecraft:cooked_porkchop":5,"minecraft:dandelion":1,"minecraft:lava_bucket":2,"minecraft:gravel":38,"minecraft:white_bed":3,"minecraft:spider_eye":2,"minecraft:pumpkin_seeds":2,"create:crimsite":6,"minecraft:diamond":34,"waystones:waystone":1,"minecraft:iron_helmet":5,"minecraft:granite":2,"minecraft:golden_apple":6,"minecraft:bread":2435,"minecraft:oak_sapling":320,"minecraft:melon_seeds":4,"minecraft:coal":122,"minecraft:diamond_pickaxe":2}},"DataVersion":3465}