{"stats":{"minecraft:dropped":{"minecraft:oak_log":209,"minecraft:glow_ink_sac":3,"minecraft:leather":2,"minecraft:chest_minecart":4,"create:crimsite":4,"minecraft:saddle":1,"samurai_dynasty:ruby":18,"minecraft:dirt":3,"samurai_dynasty:kimono":1,"minecraft:iron_pickaxe":4,"minecraft:white_wool":9,"minecraft:gold_ingot":3,"minecraft:gravel":6,"minecraft:stone_axe":1,"minecraft:wheat":17,"minecraft:obsidian":7,"minecraft:rotten_flesh":4,"minecraft:oak_planks":12,"minecraft:melon_seeds":4,"minecraft:chest":4,"create:limestone":61,"minecraft:enchanted_book":1,"minecraft:water_bucket":1,"minecraft:iron_ingot":9,"minecraft:bread":1375,"minecraft:wheat_seeds":9,"samurai_dynasty:cloth":21,"minecraft:oak_fence":26,"minecraft:iron_helmet":2,"minecraft:cobblestone":3,"minecraft:book":1,"minecraft:granite":2,"minecraft:stick":3,"minecraft:diorite":18,"minecraft:rose_bush":4,"skilltree:gem":4,"minecraft:string":3,"minecraft:bucket":1,"create:raw_zinc":1,"minecraft:dandelion":1,"minecraft:stone_sword":2,"minecraft:raw_iron":2,"minecraft:iron_boots":1,"samurai_dynasty:katana":1,"minecraft:pumpkin_seeds":2,"minecraft:shield":1},"minecraft:custom":{"minecraft:interact_with_crafting_table":79,"minecraft:leave_game":11,"minecraft:time_since_death":97362,"minecraft:sprint_one_cm":918949,"minecraft:damage_blocked_by_shield":840,"minecraft:drop":207,"minecraft:talked_to_villager":24,"minecraft:play_time":308971,"minecraft:deaths":2,"minecraft:jump":4931,"minecraft:walk_on_water_one_cm":20978,"minecraft:interact_with_furnace":122,"minecraft:traded_with_villager":81,"minecraft:sleep_in_bed":6,"minecraft:waystone_activated":1,"minecraft:damage_dealt":12805,"minecraft:player_kills":2,"minecraft:crouch_one_cm":33135,"minecraft:interact_with_anvil":1,"minecraft:mob_kills":68,"minecraft:walk_one_cm":401796,"minecraft:sneak_time":15001,"minecraft:walk_under_water_one_cm":14201,"minecraft:boat_one_cm":87651,"minecraft:interact_with_blast_furnace":112,"minecraft:total_world_time":308971,"minecraft:time_since_rest":50962,"minecraft:damage_taken":2988,"minecraft:swim_one_cm":27184,"minecraft:fly_one_cm":1121887,"minecraft:open_chest":240,"minecraft:fall_one_cm":161702},"minecraft:mined":{"create:deepslate_zinc_ore":3,"minecraft:white_bed":5,"minecraft:oak_sapling":2,"minecraft:farmland":24,"samurai_dynasty:komainu_statue":1,"minecraft:sculk_vein":2,"minecraft:brewing_stand":1,"minecraft:obsidian":3,"minecraft:granite":3,"minecraft:grass_block":63,"minecraft:composter":1,"minecraft:cobbled_deepslate":9,"minecraft:iron_ore":74,"minecraft:fire":5,"minecraft:fletching_table":3,"minecraft:anvil":1,"minecraft:azure_bluet":1,"minecraft:dirt_path":5,"minecraft:deepslate_redstone_ore":4,"minecraft:torch":2,"minecraft:calcite":13,"minecraft:chest":4,"minecraft:cobblestone":17,"minecraft:sugar_cane":5,"minecraft:oak_planks":140,"minecraft:wall_torch":3,"minecraft:amethyst_block":2,"minecraft:seagrass":1,"minecraft:birch_log":5,"samurai_dynasty:deepslate_silver_ore":39,"samurai_dynasty:deepslate_jade_ore":8,"samurai_dynasty:deepslate_ruby_ore":32,"samurai_dynasty:silver_ore":4,"minecraft:grass":116,"minecraft:oak_log":577,"minecraft:dirt":19,"minecraft:smooth_basalt":8,"minecraft:oak_leaves":36,"minecraft:deepslate":224,"minecraft:tuff":3,"minecraft:mossy_cobblestone":3,"minecraft:deepslate_diamond_ore":15,"samurai_dynasty:deepslate_aquamarine_ore":8,"minecraft:oak_door":2,"minecraft:kelp":10,"minecraft:cartography_table":1,"samurai_dynasty:aquamarine_ore":8,"minecraft:furnace":5,"minecraft:carrots":2,"minecraft:raw_gold_block":21,"minecraft:andesite":170,"samurai_dynasty:chiseled_pattern_spirit_stone_bricks":1,"minecraft:bookshelf":1,"minecraft:potatoes":4,"minecraft:deepslate_iron_ore":29,"minecraft:rail":87,"minecraft:stone":161,"samurai_dynasty:deepslate_onyx_ore":24,"minecraft:smithing_table":1,"minecraft:glass_pane":1,"minecraft:oak_fence":5,"minecraft:crafting_table":11,"minecraft:rose_bush":1,"minecraft:sculk_sensor":4,"minecraft:lectern":1,"samurai_dynasty:jade_ore":4,"minecraft:tall_grass":64,"minecraft:deepslate_gold_ore":21,"minecraft:sculk":7,"minecraft:diorite":9,"minecraft:white_carpet":2,"minecraft:yellow_bed":2,"minecraft:coal_ore":121,"minecraft:gravel":55,"minecraft:cobweb":6},"minecraft:crafted":{"minecraft:oak_planks":2208,"minecraft:smooth_stone":6,"minecraft:cobblestone_slab":6,"minecraft:cooked_chicken":5,"samurai_dynasty:katana":1,"minecraft:stone":5,"minecraft:diamond_shovel":1,"minecraft:bookshelf":3,"minecraft:cooked_mutton":10,"samurai_dynasty:ninja_leggings":1,"minecraft:stone_hoe":1,"minecraft:oak_fence":69,"minecraft:oak_slab":12,"minecraft:emerald":78,"samurai_dynasty:steel_ingot":14,"minecraft:cooked_porkchop":5,"minecraft:diamond_axe":1,"minecraft:crafting_table":5,"minecraft:wooden_pickaxe":1,"minecraft:fletching_table":2,"samurai_dynasty:katana_handle":1,"minecraft:lectern":2,"minecraft:book":5,"minecraft:paper":15,"minecraft:diamond_pickaxe":1,"minecraft:shield":2,"samurai_dynasty:red_samurai_boots":1,"minecraft:stick":2528,"minecraft:iron_pickaxe":3,"minecraft:iron_ingot":71,"minecraft:iron_block":3,"minecraft:stone_sword":1,"minecraft:gold_ingot":74,"minecraft:black_bed":2,"minecraft:shears":1,"minecraft:wooden_sword":1,"minecraft:iron_nugget":2,"minecraft:furnace":3,"minecraft:blast_furnace":2,"minecraft:flint_and_steel":1,"minecraft:stone_pickaxe":2,"samurai_dynasty:red_samurai_helmet":1,"minecraft:cooked_beef":15,"minecraft:bucket":3,"samurai_dynasty:cloth":28,"minecraft:stone_axe":5,"minecraft:enchanted_book":2,"minecraft:air":0,"minecraft:golden_apple":3,"minecraft:gold_nugget":9,"minecraft:raw_gold":198,"samurai_dynasty:red_samurai_leggings":1,"minecraft:wooden_axe":1,"samurai_dynasty:red_samurai_chestplate":1,"minecraft:anvil":1,"minecraft:white_bed":3,"minecraft:torch":284},"minecraft:used":{"minecraft:chest":5,"minecraft:shield":22,"minecraft:mutton":2,"samurai_dynasty:katana":141,"minecraft:carrot":12,"minecraft:lava_bucket":4,"minecraft:furnace":6,"minecraft:oak_sapling":51,"minecraft:potato":10,"minecraft:stone_pickaxe":166,"minecraft:oak_planks":566,"minecraft:wooden_pickaxe":10,"minecraft:composter":1,"minecraft:diamond_axe":141,"minecraft:oak_leaves":1,"samurai_dynasty:ninja_leggings":1,"minecraft:blast_furnace":2,"minecraft:black_bed":2,"waystones:waystone":1,"samurai_dynasty:chiseled_pattern_spirit_stone_bricks":1,"minecraft:bread":66,"minecraft:string":2,"minecraft:lectern":2,"minecraft:gravel":31,"minecraft:wooden_sword":5,"minecraft:oak_fence":61,"minecraft:stone_sword":102,"minecraft:flint_and_steel":6,"minecraft:stone_hoe":80,"minecraft:torch":247,"minecraft:brewing_stand":1,"minecraft:dirt":164,"minecraft:anvil":2,"minecraft:white_carpet":6,"minecraft:granite":2,"minecraft:wooden_axe":64,"minecraft:bookshelf":1,"minecraft:iron_axe":12,"minecraft:iron_boots":1,"minecraft:cobbled_deepslate":108,"minecraft:wheat_seeds":3,"minecraft:water_bucket":47,"minecraft:fletching_table":5,"minecraft:cobblestone_slab":2,"minecraft:crafting_table":13,"minecraft:white_bed":6,"minecraft:diamond_pickaxe":546,"minecraft:apple":5,"minecraft:diamond_shovel":110,"minecraft:iron_pickaxe":424,"minecraft:stone_axe":620,"minecraft:cobblestone":128,"minecraft:porkchop":1,"minecraft:cooked_porkchop":5,"minecraft:bucket":54,"minecraft:yellow_bed":3},"minecraft:killed":{"minecraft:cave_spider":1,"minecraft:spider":6,"minecraft:skeleton":15,"minecraft:chicken":5,"samurai_dynasty:kitsune":1,"minecraft:pig":1,"minecraft:creeper":2,"minecraft:sheep":12,"minecraft:donkey":2,"minecraft:zombie":18,"minecraft:cow":4},"minecraft:killed_by":{"minecraft:player":1},"minecraft:broken":{"minecraft:stone_pickaxe":1,"minecraft:stone_axe":4,"minecraft:wooden_axe":1,"minecraft:iron_axe":1,"minecraft:iron_pickaxe":1},"minecraft:picked_up":{"minecraft:iron_chestplate":2,"minecraft:wheat":3,"minecraft:anvil":1,"minecraft:smithing_table":1,"minecraft:enchanted_book":2,"minecraft:brewing_stand":1,"samurai_dynasty:kimono":2,"minecraft:string":11,"create:limestone":122,"minecraft:cobbled_deepslate":353,"minecraft:gold_nugget":6,"minecraft:rose_bush":4,"samurai_dynasty:raw_silver":40,"samurai_dynasty:onyx":24,"minecraft:iron_pickaxe":7,"minecraft:iron_boots":1,"minecraft:furnace":5,"minecraft:stick":1741,"samurai_dynasty:katana":3,"minecraft:composter":1,"minecraft:oak_fence":18,"minecraft:torch":212,"minecraft:porkchop":1,"minecraft:diorite":18,"minecraft:stone_sword":3,"minecraft:rotten_flesh":28,"minecraft:obsidian":10,"minecraft:cobblestone":197,"minecraft:birch_log":5,"minecraft:feather":5,"minecraft:cooked_beef":9,"minecraft:water_bucket":3,"minecraft:andesite":170,"minecraft:potato":14,"minecraft:flint":6,"minecraft:tuff":3,"create:raw_zinc":1,"skilltree:gem":69,"minecraft:lapis_lazuli":26,"minecraft:dirt":157,"samurai_dynasty:steel_ingot":7,"minecraft:name_tag":2,"minecraft:bone":35,"minecraft:wheat_seeds":21,"minecraft:raw_gold":40,"minecraft:fletching_table":3,"minecraft:oak_planks":1227,"samurai_dynasty:tanuki_statue":1,"minecraft:cooked_porkchop":5,"minecraft:mossy_cobblestone":3,"create:crimsite":6,"minecraft:diamond":34,"waystones:waystone":1,"minecraft:granite":4,"minecraft:golden_apple":6,"minecraft:bread":2435,"minecraft:emerald":61,"minecraft:oak_sapling":320,"minecraft:diamond_pickaxe":2,"sophisticatedbackpacks:gold_backpack":2,"minecraft:crafting_table":11,"minecraft:azure_bluet":1,"minecraft:chicken":5,"minecraft:chest_minecart":4,"samurai_dynasty:kitsune_hide":1,"minecraft:shield":2,"samurai_dynasty:komainu_statue":2,"minecraft:flint_and_steel":2,"minecraft:white_carpet":2,"minecraft:cartography_table":1,"minecraft:beef":7,"minecraft:poppy":2,"minecraft:lectern":1,"minecraft:sugar_cane":21,"minecraft:chest":8,"minecraft:birch_sapling":1,"samurai_dynasty:aquamarine":19,"minecraft:raw_iron":196,"minecraft:raw_gold_block":22,"minecraft:oak_door":2,"minecraft:redstone":23,"minecraft:carrot":9,"samurai_dynasty:ninja_leggings":2,"samurai_dynasty:chiseled_pattern_spirit_stone_bricks":1,"minecraft:arrow":12,"minecraft:saddle":1,"minecraft:gold_ingot":18,"minecraft:mutton":18,"minecraft:white_wool":25,"minecraft:rail":87,"samurai_dynasty:kitsune_tail":2,"minecraft:glow_ink_sac":3,"samurai_dynasty:ruby":39,"minecraft:leather":21,"samurai_dynasty:jade":21,"minecraft:oak_log":762,"minecraft:yellow_bed":5,"minecraft:gunpowder":2,"minecraft:cooked_mutton":4,"minecraft:apple":35,"minecraft:kelp":10,"minecraft:iron_ingot":46,"minecraft:cooked_chicken":2,"minecraft:book":4,"minecraft:dandelion":1,"minecraft:gravel":38,"minecraft:lava_bucket":2,"minecraft:white_bed":5,"minecraft:spider_eye":2,"minecraft:pumpkin_seeds":2,"minecraft:iron_helmet":5,"minecraft:melon_seeds":4,"minecraft:black_wool":7,"minecraft:coal":177}},"DataVersion":3465}